#include "gui.h"

static const binfile_t background_col = {"background_col.png", 1415, {
"\x89\x50\x4E\x47\x0D\x0A\x1A\x0A\x00\x00\x00\x0D\x49\x48\x44\x52\x00\x00\x01\x40\x00\x00\x00\xF0\x01"
"\x03\x00\x00\x00\x4B\xE3\x2F\x28\x00\x00\x00\x01\x73\x52\x47\x42\x00\xAE\xCE\x1C\xE9\x00\x00\x00\x04"
"\x67\x41\x4D\x41\x00\x00\xB1\x8F\x0B\xFC\x61\x05\x00\x00\x00\x06\x50\x4C\x54\x45\x29\xCB\x71\x21\xAE"
"\x60\x8C\x3B\x2F\xEA\x00\x00\x05\x1F\x49\x44\x41\x54\x68\xDE\xED\x9A\x41\x6B\x24\x45\x14\xC7\x5F\xD3"
"\x60\xE5\x10\xA6\xF5\xB6\xC2\x98\x5E\xF0\xE0\x35\xDE\x46\x5C\xB7\x8F\x7B\xF4\x2B\x2C\x78\xF0\x3A\xE0"
"\xC1\x80\x43\xBA\x41\x70\xBC\xC5\xA3\x07\x21\x5F\x63\x0F\x1E\x3A\x44\xC8\x1E\x64\xE7\x0B\xC8\x52\x61"
"\x84\xDC\xDC\x0E\x7B\xB0\x03\x65\x3F\x5F\x55\x75\xCF\x78\xD9\xFA\x3F\x65\x6F\xA6\x20\x4C\x41\x7E\xA9"
"\xCC\x7B\xF5\xFE\xFF\x7A\xD5\x33\x44\xF7\xE3\x3F\x8C\x5C\x0B\x16\x56\x0B\x0E\x4A\xF0\x88\x5B\x1D\x38"
"\x2F\x3B\x25\x98\xB3\x12\xA4\x5A\xB7\xE4\x42\x1B\xCE\x82\x88\x1B\x25\x58\xF6\x1A\x70\x29\x9B\xA3\x5A"
"\x52\x40\x5D\x38\x1E\x34\x4E\x01\x86\xC5\x34\xBB\x13\x6A\xA2\x70\x3A\xD0\x6C\x15\xE1\x78\x70\xB5\xA8"
"\x60\x86\x32\x01\xF3\xB6\x58\xC3\x0D\xCF\x24\x8C\x59\xD6\xD8\x1A\xD5\x6F\x2E\xE0\xA2\xEC\x8E\x61\x38"
"\xB9\x44\xF1\x94\x87\x79\x86\x32\xE4\xC1\x2B\xE6\xEF\x08\x85\x23\x60\x76\xC6\xBC\x25\x54\xBF\x46\xD8"
"\x92\xF9\xB6\x21\x10\x8E\x80\xEF\x54\xCC\x7D\x83\x76\x47\xC0\xC3\x9A\xD9\xB5\x94\xA5\x0B\xBD\x20\x7A"
"\xC0\xCC\xC3\x53\xA2\x2A\x09\xCE\x88\xDE\xF3\xE0\xC3\xF0\x37\x69\xF0\x63\x01\xF9\x38\x4C\xD3\xE0\x87"
"\x1E\x7C\x17\x81\x73\xA2\x2F\x3C\xF8\xA3\x98\x0B\x02\x9F\x78\xF0\x79\x98\x26\xC6\x23\xA2\xCF\x55\xA0"
"\xC8\x7A\xE3\xC1\x5F\x15\xE0\x99\x07\x7F\x09\xD3\x34\x78\xEE\xC1\xDF\x11\x78\xA2\x05\x97\x7B\xF0\x44"
"\x0B\x2E\x91\x51\xE8\x40\xBB\x07\x3B\x04\x9E\x8D\xA0\x45\xE0\x66\xCC\xA3\x45\xFA\x7F\x32\xEE\x8C\x0E"
"\x7C\x1E\xA6\x69\xF0\x4B\x0F\x7E\x0F\x40\xAF\xFF\x8F\x62\x3D\x62\x30\x54\xF8\x0F\xC1\x85\xD2\xE0\xA8"
"\x99\x3C\xE9\xA5\x46\x7E\xFB\x7E\x54\x21\x00\xE5\xE7\x20\xEA\xDA\x40\x70\x74\x0A\x83\x1C\x65\xF2\x1E"
"\x03\x3B\x8A\xD1\xCD\xD2\x46\x51\x88\x7D\x7A\x7F\xBC\x44\xFA\x2F\xFD\x01\x73\xE9\x1D\x17\x82\xBD\xF7"
"\x70\x77\x08\x1D\x85\xC5\x91\x8F\xCB\x6E\x81\x64\xFD\xC1\xB5\x9C\x06\xF3\x50\x62\x69\xF0\x33\x5B\x39"
"\x49\xB5\x4F\x76\x1A\xFC\xA4\xCD\x65\xC9\x7E\x15\x5D\x28\x31\x3E\x6D\xA9\xEE\xA9\x68\x09\xE9\xFF\x9B"
"\x96\x8A\xF1\x08\x4E\x83\x5F\xC9\x69\xC0\x9D\x02\xFC\x5A\x56\x2B\x87\x5D\x73\x91\x06\xF3\x78\x5E\xA6"
"\xC1\x1B\xFF\xFE\x2A\xB7\xEB\x42\xDE\x38\x5E\x05\x3D\x84\x70\x2C\x06\x29\x84\x93\xD6\xFF\x26\x96\xC6"
"\x00\xC1\x17\xF1\x85\x2D\x32\x8A\x97\x63\xB5\x39\xA4\xFF\x11\x34\x8C\xC0\xDF\xC6\x09\x77\xC0\x28\xA6"
"\x53\xBF\xE0\xB4\xFE\x77\x60\xCE\xDB\xB4\xFE\x77\x3D\x4C\x95\x6E\xE3\xCC\xB3\x9D\x6E\x19\x75\x14\xB4"
"\x8B\x5B\x07\x82\x15\xF7\x5A\x2E\xFE\x78\x3B\xE0\x5E\xA2\xE5\x0B\x2D\xF8\x52\x0B\xFE\x84\x5A\x8F\x29"
"\xE1\x3F\xA3\x46\xE1\x5F\x83\xCF\x94\x60\x0D\x3B\x8A\x09\x3C\xD1\x82\xCB\xB7\x03\xEE\x25\x3A\xA8\x41"
"\x8B\x6E\x14\xE3\x70\x00\x7C\x38\xCD\xFE\x02\x1D\x05\x2B\xC1\x8B\xE9\x2A\x01\xEE\x14\xD9\x25\xBB\x49"
"\xAE\x69\xFD\x7F\xCB\xA3\x4A\x15\x60\x4B\x7B\x2F\x7D\x33\xB8\x66\xB6\x1A\xD0\x98\x09\x04\x37\x62\x53"
"\x30\x77\xAB\x58\x8F\x49\xB0\xF0\x60\x5C\x0B\x5C\x3D\x04\xBC\xE5\x60\x54\x35\x04\xAF\x39\xEC\xCE\x69"
"\x1A\x94\xFE\x64\x1B\x33\x94\x06\x8F\x22\x68\x21\x38\x8F\xA0\x3F\x8E\x06\x08\xCA\xED\xB1\x13\xC3\x48"
"\x5F\xE1\x1E\x55\x11\xAC\x11\xB8\x10\x70\xED\x33\xD4\x21\x50\xFE\xF5\x99\x07\x87\x4C\x09\xF2\x45\xFA"
"\x8A\xBB\x2C\x02\xF8\x5A\xD2\x0E\xC0\x9C\x39\x66\xE8\xB6\x03\x46\x51\x8F\xE0\xEB\x34\xD8\x1D\x14\x43"
"\x4C\x25\x00\x6D\x4D\x4E\x07\x4A\x02\x23\x78\x03\x8C\x42\xD4\x2A\x81\x6F\x20\x78\x21\x25\x16\x33\x84"
"\x41\x9B\x07\xF0\xCA\x02\xA3\x90\x37\x19\xC0\x0D\xD4\x7F\x2F\xD1\x94\x2A\xF0\x28\xF3\xA9\xDC\x34\x10"
"\xAC\xDB\x13\x5F\x1A\xD0\x28\xFA\x98\xA1\x73\x08\x76\xA2\x56\x15\x28\xB5\x68\xE5\xE5\x9C\x90\xA3\x08"
"\xD8\x65\x52\x6C\x0A\x47\x91\x0C\x55\x03\xB6\x1E\xA9\x45\x77\x60\x86\xC7\x1A\xA3\x70\x55\xB3\x02\x46"
"\x31\xAE\x58\x77\x84\xC1\x4B\x9F\x4A\xA6\x55\x1A\x34\xA1\x68\x05\xB4\x40\xD6\x11\xF4\x19\x02\x60\x1E"
"\xAA\xDB\x67\x08\x80\xD2\x35\x46\xA3\xB8\xEB\xC1\xC3\x0C\x33\x1A\x05\x00\x97\x87\x74\x1A\x33\x74\x07"
"\x8C\xA2\x6A\xE6\x2A\xB0\x93\x5B\x94\x04\x7E\xA3\xD0\x3F\x37\x46\x67\x14\x2C\x97\xB8\x00\x5A\x04\x76"
"\xE2\x67\x57\x1A\xFD\xCB\x55\x4F\x67\x14\xBD\x74\x13\x10\xCC\xA5\x72\x5C\x41\x47\x92\xA1\x1B\xA8\x7F"
"\x57\xB5\x3E\x43\x0A\xA3\xA8\x5D\x00\x61\x47\x21\xB5\xD8\xE4\x08\x8C\x46\x11\xD4\x7A\xAE\x01\x45\xAD"
"\x3A\xA3\xE8\xA5\x97\x01\x46\x11\x41\x37\x23\x9D\x51\x88\xAC\xE7\x3A\xA3\x10\x59\x2B\x41\xA6\xC7\x50"
"\xD6\xDB\x10\x78\x0B\x8C\x22\x9F\xC0\x0E\x18\x45\x16\x8A\xF6\x4E\xD8\x15\x90\x75\x39\x82\x0E\xE9\xDF"
"\xC4\xD6\x03\x82\x25\x55\xE3\xE6\x00\xA3\xA8\xEC\xCC\xA8\x8C\xA2\x1E\x28\x66\x08\x82\x41\xAD\x8A\xD6"
"\x23\xD6\xE2\x56\xA3\xFF\x5E\x64\x8D\x1D\x45\x7A\x51\x17\x53\x99\x06\xB3\x00\x66\x3E\x95\x58\xFF\xAE"
"\x68\x4A\x03\x41\xAF\xFF\xCA\x92\x0E\x8C\xA9\x04\xFA\xF7\x67\x51\x4C\x25\x00\xD7\x01\xEC\x49\x05\xAA"
"\x64\xBD\x0E\x8D\x82\xF3\xB2\xD6\xE8\x7F\x30\x54\xEB\xC0\xD2\xCE\x2A\x0D\xE8\xAA\x1E\xC8\xDA\x3B\xCA"
"\x75\x90\x75\x03\xF4\x9F\x4F\xFA\xB7\xE9\xCB\xCC\x51\xAC\x45\x27\x19\x02\x77\x14\xA9\xC5\xCB\x00\xBA"
"\x53\xF0\x64\xD6\x8C\x8D\x02\x50\x6B\x21\x9B\xB7\xD6\xE8\xDF\x70\x33\x33\x1A\xFD\xFB\x07\x75\x79\x6C"
"\x14\x00\x58\xF2\x04\xA2\x4F\xD7\x42\xCB\x8C\x8D\x22\x3C\x77\x8C\xB2\x46\xA0\x84\x53\x05\x59\xC3\xCF"
"\x29\xB9\xCB\x15\x8D\x42\x0C\xC7\x83\x7F\x42\x30\xE3\xAE\x80\x6A\x9D\xC2\xC9\x55\x60\x11\xD4\xFA\x0A"
"\x83\x54\xF7\x52\x6C\x1B\x05\x58\x70\x53\x03\x59\x4F\xE1\xD8\x52\x05\x52\x39\x64\x7C\xAE\x01\x0D\xB7"
"\x55\x5A\xD6\xBB\x70\x9C\x29\x55\x60\xC1\xE0\x19\xC5\x3F\x36\xBC\x52\x71\xB2\xE1\x4A\x30\x67\xE5\xB7"
"\x1A\x44\xDE\x4A\xD0\x68\xBF\xA3\x41\x6A\xF0\x01\xDD\x8F\xFB\xF1\xFF\x19\x7F\x03\x01\x36\xC3\x70\xD2"
"\x67\x31\xE1\x00\x00\x00\x00\x49\x45\x4E\x44\xAE\x42\x60\x82"
}
};

static const binfile_t background_collections = {"background_collections.png", 1391, {
"\x89\x50\x4E\x47\x0D\x0A\x1A\x0A\x00\x00\x00\x0D\x49\x48\x44\x52\x00\x00\x01\x40\x00\x00\x00\xF0\x01"
"\x03\x00\x00\x00\x4B\xE3\x2F\x28\x00\x00\x00\x01\x73\x52\x47\x42\x00\xAE\xCE\x1C\xE9\x00\x00\x00\x04"
"\x67\x41\x4D\x41\x00\x00\xB1\x8F\x0B\xFC\x61\x05\x00\x00\x00\x06\x50\x4C\x54\x45\x9A\x57\xB5\x84\x49"
"\x9B\x19\x5F\x2C\x45\x00\x00\x05\x07\x49\x44\x41\x54\x68\xDE\xED\x9A\xBF\x6B\x1C\x47\x14\xC7\x67\xB5"
"\x0A\xEB\xC4\xC5\x2A\x81\xEB\x02\xA7\x18\x55\x6E\x92\x32\xDD\x5E\x8C\x30\x56\x4A\xC1\x39\x90\x20\xE2"
"\xDA\x60\x5C\x2A\x85\xD0\x2E\xC1\x4D\x52\x19\xFF\x05\x2E\x52\x24\x67\xD2\x45\x76\x61\x8C\xD6\x90\x7F"
"\x20\x20\x12\x50\x08\xDA\x3A\xE0\x64\x8A\xC4\xB7\x48\xEB\x9D\xEC\xEE\xDD\xCD\xCE\xCE\x7C\xF7\xCD\xC8"
"\x3E\x52\xE9\x35\x12\xF2\x87\xEF\x7B\x6F\xF6\xBD\xF9\x69\xC6\x2E\xEC\xC2\xDE\xCC\x62\x21\x8E\x7F\x70"
"\xE0\x3C\x31\xB7\x17\x16\xD0\x5F\x80\x22\xA5\xC1\x40\x82\x9C\x06\x43\x09\x16\x34\x38\x2C\xFF\x98\x83"
"\x25\x0D\x46\xB5\xC7\xCD\xC9\x5F\x15\x69\x19\x9D\x54\x06\x9B\xD0\xA0\xFC\xCD\x19\x8C\xE8\xF1\x69\x53"
"\x88\x32\x47\x30\xA4\xC1\xE2\xFC\x60\xC0\x97\x03\xE6\x2D\x98\x3B\x2A\xFA\xB9\xA3\xA2\x5F\x38\x2A\x7A"
"\x64\x55\x78\xB9\x52\xEB\x89\x9B\x6B\x26\xFE\xBD\xE1\xE4\xBA\x6E\xB3\xAA\x2A\x8F\xB7\xAC\x60\x24\x8B"
"\x5D\x3C\xFE\x2E\xE9\x8F\x91\x0D\x45\xD7\x1E\x3F\x18\xE1\x18\x43\x61\xDA\x3F\x48\xD1\x03\xA0\x40\x8A"
"\x6C\x07\x80\x09\x02\x2B\x5B\x1B\x7C\x16\x77\xC0\x45\xED\x79\xE8\xBB\xAD\x0E\xBE\x38\xD4\xA7\x05\xAF"
"\xB7\x12\x56\xDF\xF9\xF1\x44\x9D\x3F\xE8\x92\x61\x87\xB9\x54\xAC\x42\x3A\xD8\xE8\xFD\xCA\xC1\x22\x34"
"\xEF\x6C\x11\xCC\xEF\xDB\x23\x54\x34\x25\x1E\xBB\xE9\xF6\x43\x0D\x94\xC9\x82\xA1\x9B\xDE\x1E\x99\xED"
"\x0C\xBF\x46\x6D\xAF\x8E\xBE\xD7\xC1\xA7\xA2\xD7\x5E\xFD\x99\xEC\x4B\x30\x6B\xA6\xBD\x97\x3D\x68\xBE"
"\x2F\x63\x94\x53\xD3\x95\xF1\x6E\x6C\x92\xAD\x62\x37\xCB\x8D\xAB\x4F\x0F\x3B\x60\x49\xB5\xDE\xEA\x78"
"\xE7\xC4\x09\x6C\xEC\xD2\xB7\xCD\xB7\x2E\xA9\xEA\x69\x6D\xC5\x15\xAC\x16\x0D\x6B\x99\xCD\xFB\xC8\x15"
"\xF4\x5D\x41\x6F\xE9\x60\x5B\x14\xDC\x15\xB4\x29\xEE\xBB\x82\x45\x9F\xEB\xAF\x5C\x15\x85\x23\xE8\xE9"
"\x5B\x8B\xBD\x1E\xD7\x9E\xC8\x7B\x14\x3B\x60\x58\xF7\x10\x06\xBB\xAB\x50\xC4\xFD\x76\xFE\xD2\x5C\x77"
"\xC0\x8F\x0E\x7D\x7D\xB7\x82\x5D\xDF\xBA\x3C\xD5\x37\x21\x38\x99\x5B\x5E\xAC\xEF\x94\x7A\x14\x9B\x09"
"\xBF\x80\x5F\xA6\x13\xE3\x68\xB6\x32\x24\xC0\xB5\xDF\x2A\x86\x47\x2C\x9D\x81\x9C\x76\x3D\x14\xA7\x73"
"\xB0\x40\xE3\xC8\xD5\x15\x2E\x9D\xAF\x5E\x09\x39\x8E\x0A\xC8\xCD\x64\xBA\x8A\xC9\x1C\x2C\xC9\x7A\x6C"
"\xC0\x48\xDF\x9D\xEE\xD1\x20\xB7\xBA\x8E\xF5\x4D\x27\xC8\x3A\xAE\xBF\x72\xAC\xEF\x8C\xB1\xEB\x16\xCC"
"\x09\xD7\x8D\xA2\xB1\x4E\x5B\xC1\xA4\xFF\x5B\xC7\x75\x0A\x06\x08\xC6\xB1\x06\x3D\x63\x9F\x5F\x60\xC5"
"\xD7\x00\xC9\x18\x0B\xE5\x88\x91\x50\x8A\x8E\x60\x5D\xB0\x81\xDB\x38\x22\x70\x0F\x29\xE6\x6E\x8A\x35"
"\x18\xEA\x4B\xE0\xFF\x05\xF2\x76\x0B\x59\x18\x60\xE6\x0A\xF2\xD7\x03\xE5\x36\x97\xA8\x70\xAF\x9E\x6B"
"\x09\x50\x8D\x11\x81\x39\x56\x8C\x8D\x63\x67\x71\x6E\x50\x75\x9D\x32\x63\x6B\x8B\x15\x11\x98\xBB\x82"
"\xA6\xEB\x1A\x34\x7B\x4B\x82\x81\x0A\x26\x00\x84\xAE\x49\x30\x53\xCE\xF8\x89\xD9\x5B\x38\x6B\x12\x54"
"\x15\x41\xB7\xCA\xC5\xA0\x3D\x5E\xD6\x60\xD0\x7F\x3A\x09\x32\x47\xD0\xC7\x60\xC9\xA8\x18\x4B\xD0\x5B"
"\x5E\xEE\x08\xC2\x18\xCB\xB6\x65\x80\x22\x87\x60\x41\x28\x06\xAE\xA0\x5F\xFD\xAB\xD9\x32\x9E\x99\x75"
"\x80\x41\xE4\x1A\x81\x0C\x83\x66\x6F\x81\x2F\x13\x54\x32\x26\x08\x5D\x9F\x03\x34\x7B\x8B\xB9\x82\x50"
"\x91\x33\xB3\x65\x00\x18\x0A\xEE\x39\x81\x81\x2B\x18\x8A\x0C\x5D\xB6\x59\xC0\xC4\x55\xD1\x02\x82\xDE"
"\x7A\x33\x30\x25\xC1\x54\x01\x41\x6F\x61\x45\x37\x70\xE8\xAE\x98\x80\xDE\x92\xFB\x22\x55\x11\x82\x66"
"\x32\x2A\x98\xD3\x31\x26\x91\x23\x88\x9A\xB0\x8D\x51\x71\x8D\x9A\x10\xC6\x48\x82\x61\x66\x01\xC1\xF0"
"\x94\xA8\x09\x81\xEB\x08\x83\x20\x19\x77\x45\xD0\x5B\xED\x44\xDB\xC6\x18\x15\x08\x94\xAE\xC3\xD4\x02"
"\x02\xD7\x05\xE8\x2D\x65\x1C\x6D\x20\x88\x31\xF7\xCD\x96\x69\x93\x51\x14\x69\x50\x89\x31\xF7\x00\x08"
"\xB2\x8E\x95\x09\x97\x56\xE4\xEC\x43\xF3\x52\x1E\x64\x1D\x73\xB9\x01\x28\x69\xD7\x5C\x9E\x8F\x0A\x32"
"\xEB\x1A\x0C\xFB\xC1\x40\x4D\x66\xE1\xBB\xA0\x5D\x8B\xC5\x55\xAE\x7A\xB1\x80\x5C\x0B\xE9\xDB\x06\x8A"
"\xC5\x55\x5F\x4E\xC7\xD8\xF4\x54\xAC\x1D\x86\x41\x8C\xF5\xF8\x25\xC6\x89\xDD\x87\x60\x45\x78\xDD\x96"
"\xE9\x03\xE7\xC7\xE1\xCC\x96\xCC\xE2\xE8\x93\xD9\x62\x6C\xA2\xEC\x3E\x12\xA1\xC2\x9D\x4F\x26\x91\x0D"
"\x9C\xCF\xA2\x49\x60\x03\xD9\x97\x0D\x78\xCA\x3A\xB7\x0F\x08\x64\x97\x67\x3D\x3D\xC4\xA0\x7A\x6F\xF2"
"\x56\x93\x78\x68\x55\xAC\x06\xA3\x76\x7F\x3D\x66\x56\x90\xB1\xBB\x55\x35\xBE\xEF\x02\xB2\x41\xFE\x31"
"\x63\xB6\x18\xD1\x45\x65\xD6\xA7\xA8\x83\xFC\xDC\x60\xB2\x2C\xC5\x6C\xE9\x8A\x5C\xD6\xCC\x8B\xAD\x75"
"\x27\xD7\xB3\xE2\x7A\x79\x74\xDF\x0D\x6C\xEC\x6C\xFB\x06\x11\xA3\x71\x4D\x7F\xB0\xE1\x06\xCE\x5A\xE7"
"\xE8\x81\xBE\x18\x0C\x9F\xDF\x9C\xF6\xBD\x01\xDC\xD9\x52\x62\x1C\x9E\x5E\x5B\xAB\x7E\x8C\x77\xFB\xE8"
"\x6E\x32\x67\x9B\x9B\x35\xFD\x0C\x80\x28\xC6\xB5\x7B\x8C\xAD\x0F\x76\x28\xC5\xD6\x7E\xFD\xE5\xDD\xBA"
"\x7A\xEF\xC6\x3A\x38\x84\x81\xFD\xFC\x41\xDD\x6A\xCD\x6B\x52\x46\x0E\x4F\x63\x3F\x6D\x8E\xD4\xE1\x11"
"\xB4\x4D\x5D\x41\xC1\xED\xAE\xE9\xAC\x97\x00\x72\xB6\x3A\xFE\xDC\x01\x94\xEF\x58\x83\x9B\x27\x34\x28"
"\x3E\x5D\x57\xDE\xE0\x4C\x3A\x6B\x0F\xCB\x42\x1C\x4F\xDE\x5E\x53\x26\xBF\xF1\x13\xF4\xBA\x27\xFF\x72"
"\x3A\x79\x4F\xD9\xC5\xAC\x4C\x7E\xD3\xB6\x69\x5A\x23\x4C\xBE\xFE\x44\x99\x2E\xC7\x07\x2D\x08\x1E\xA2"
"\xCA\xC9\x3D\xF9\xD0\x16\xA5\xCC\xF6\x0D\x6F\x3F\xBC\x3F\x52\x5F\xB7\x56\x1E\xED\x12\x2F\x67\x8F\xB4"
"\x67\xE0\x6B\x93\xBF\xFB\x58\x30\x29\x7C\x33\x06\xAF\x72\xBD\xAF\x5B\xEB\x93\x6E\xF7\xD2\x8F\x56\x57"
"\xC6\x77\xCC\x3D\x7E\xAF\x5D\xBA\xFA\xC4\xFE\x9F\x2C\x5A\x9A\x5D\xD8\x85\x41\xFB\x0F\x2F\x47\x1C\x4A"
"\x28\x7A\x65\xC5\x00\x00\x00\x00\x49\x45\x4E\x44\xAE\x42\x60\x82"
}
};

static const binfile_t background_doom = {"background_doom.png", 920, {
"\x89\x50\x4E\x47\x0D\x0A\x1A\x0A\x00\x00\x00\x0D\x49\x48\x44\x52\x00\x00\x01\x40\x00\x00\x00\xF0\x01"
"\x03\x00\x00\x00\x4B\xE3\x2F\x28\x00\x00\x00\x01\x73\x52\x47\x42\x00\xAE\xCE\x1C\xE9\x00\x00\x00\x04"
"\x67\x41\x4D\x41\x00\x00\xB1\x8F\x0B\xFC\x61\x05\x00\x00\x00\x06\x50\x4C\x54\x45\x7F\x40\x00\x6D\x36"
"\x00\xCE\xF3\x97\x94\x00\x00\x03\x30\x49\x44\x41\x54\x68\xDE\xED\xDA\x51\x6E\xD4\x30\x10\x06\xE0\x2C"
"\x11\xCA\x03\x0F\x3E\x01\x32\x8F\xBC\x71\x04\x73\x33\x47\xEA\x43\xAF\xC1\x4D\x70\xC5\x01\x38\x02\xAE"
"\x7A\x01\x57\x08\x14\x50\x94\xC1\xC9\xA6\x2D\x8E\x3D\x99\x7F\x37\x29\xDB\x07\xFC\xB2\x52\xF5\x69\x92"
"\x19\x8F\x1D\x6F\xB6\x55\xF5\x7F\xBC\x98\xF1\xB6\x05\xD0\x68\x8C\x93\x9D\xA2\x11\x06\x19\x5A\x8A\x21"
"\xAD\x0C\x0F\x44\x3E\xC2\x5E\x84\x0D\x51\x57\x55\x24\x43\x4D\x23\xB2\x83\x08\x0D\x51\x44\x24\x43\x8A"
"\xA3\x45\x22\x8E\xD0\xC5\xD4\x81\xA4\x89\x42\xBC\x01\x69\x6A\xEA\x07\x08\x54\x67\x4C\x5B\x8E\x08\x43"
"\x35\xC2\x21\x56\xD3\x21\x90\x5A\x19\xEA\x23\x54\x20\x74\x6A\xEC\x0C\x69\x06\xE3\xF0\x27\xC0\x00\xC1"
"\xD0\x8C\xBD\x26\xF4\xF7\x04\x15\x0A\x1B\xB1\xCF\x8E\xB0\x83\x61\xEC\x0D\x34\x22\x01\x7D\x1B\xBB\xA2"
"\x26\xA9\x2B\x9E\x13\x3A\x04\xD2\x55\x84\xAF\x03\x00\xBF\x44\xA8\x7B\x00\xDE\xC6\xC6\xB0\xAB\xB7\x39"
"\xC3\xEF\x93\xBD\x97\xE1\x3D\xD1\x5D\xFC\xF8\xB8\xBE\xFE\xE3\xF8\x75\xFC\xF0\x62\xC4\xFE\xF8\xF1\x13"
"\x85\x03\x0A\x57\xF2\x9E\xC1\x20\x42\x4B\xC9\xF0\xBB\xC3\x6E\x3B\x34\x29\xEC\x51\x38\x08\x9B\xD4\xD3"
"\x10\xF6\xC7\xA7\xD1\xEE\x0E\x1D\x7A\x8F\x0E\xCC\x1A\x87\x1E\x9C\x99\x67\x80\xE1\x72\xB0\x43\xCB\xF3"
"\xF2\xE0\xAB\x4F\x60\xD6\x8D\x07\xB3\x56\xF7\x04\xC2\x1F\x4B\x48\xEF\xA0\xB6\x65\x6F\xB2\x00\x3B\xA8"
"\x38\x6C\x44\x9B\x43\xBF\xB6\x83\x8B\xB0\x26\xF0\xD2\xCD\x16\xD8\x81\xD5\xC1\x61\x71\xF7\xB1\x25\xE8"
"\xF8\x67\x87\x08\x6B\x02\x2F\xAD\x76\x87\xCD\xB6\x88\x68\x19\x4B\x11\xF7\x87\x06\x2D\xB8\xD9\x16\x71"
"\x0B\xB4\xE8\x3D\xFE\x2B\x18\xC0\xBE\xC5\xE1\x80\x5E\x9A\x60\xE8\x51\x18\x50\xD8\xEF\x0E\x09\x2C\x4F"
"\x01\xC2\x11\xCD\xE5\xA0\x3E\x37\xE2\x80\xC2\xDE\x82\xE5\x61\x61\x76\x69\x0D\x26\xD3\x73\x70\xB9\x3F"
"\xF6\x8A\x81\xCB\x47\x61\xD7\x80\x2D\xDE\xD5\x28\xAC\x38\x98\xAD\x01\x8B\x42\x83\x41\x3F\x6F\xFF\x00"
"\x7C\x83\x41\x37\xFF\x05\x81\xFA\x42\xB0\x3D\x21\xA2\xB9\x1C\xDC\x9A\xB5\x3D\x1F\xAA\x32\x34\xD9\xE6"
"\x8D\xC1\xC0\x5E\x3A\xFF\xE2\xBA\x15\xEA\xE5\x4E\xD1\x2A\x08\x4E\xEF\xCF\x30\x18\x50\xD8\x61\xE5\x89"
"\xE9\x34\x3C\xFC\x96\xA4\xB3\x02\xBF\x26\x21\xAF\x79\x78\x9D\xC0\x2B\xBE\x29\xAE\x50\xD8\x26\xF0\x66"
"\x05\x26\xBD\xE6\x2C\x0F\x0D\x00\xE7\x17\xAE\x7F\xCF\xA1\xE1\x61\xB2\xE5\x7B\x5D\x82\xD3\x96\xDD\x26"
"\x5B\x7E\xD0\xEC\xE3\xA3\x02\xE0\xDC\x01\x76\xD9\x3E\xE7\x43\x7D\x3C\x89\x25\xB0\xE1\x60\x8F\x40\x93"
"\xC3\xE9\xE1\xC5\x41\x3A\x07\x86\xC3\x66\x38\x2C\x0A\xBE\x02\xD3\xB9\x66\x21\xA5\x5F\x7F\xDC\x81\x3D"
"\xA5\xB4\x3A\x7D\x82\xF0\xD0\xA0\xD0\x82\xD0\xD9\xF4\x58\x66\x59\xB8\x38\xBF\xD1\x16\x48\x27\x45\xBC"
"\x4D\x1F\xB0\x7C\x1D\xEF\x52\xA8\x40\xE8\x50\xE8\x15\x78\x8F\xE5\xE5\x6A\x1F\xF7\xAF\xD3\x61\x6F\xC0"
"\x4B\x0F\x96\xED\xC7\xB4\xE0\xC4\xC3\x1B\xF4\xC0\xEE\x65\xF8\xE1\x33\x06\xE7\xD5\xE7\x44\x38\x2F\x2A"
"\x6F\x41\xE8\x60\x68\xF6\x86\xAD\xDE\x1D\x2A\x09\xCE\x9B\x93\x6B\xD0\x88\x07\x14\xE6\x5F\x38\xCB\x47"
"\x14\x19\x3E\x46\x34\x28\xD4\x58\xD6\x3B\xC2\xFA\x44\x58\x89\xF0\xF0\x10\x71\x39\x87\xBF\xCB\xA7\xF0"
"\x1C\xBE\x2F\x1F\xAE\x33\xD8\x33\x87\xC2\x2C\x99\x8E\xFB\x45\x7A\x09\x7B\xE6\x9C\x89\x40\x55\x9C\xEB"
"\x61\x03\xAC\xCB\xDD\xC3\xBC\x6A\xCE\x8F\xC4\x2D\xF7\x7F\x0A\x20\x84\x7E\xF4\xB1\x45\xE8\x51\x18\x36"
"\xC2\x7C\x15\x32\x73\x08\x43\x97\xBF\x7B\x29\xCF\xA1\xCF\x22\x32\x93\x1D\x70\x68\xC4\x07\xD2\xB4\xB4"
"\x21\xA8\xA6\xCE\x07\xA0\x9E\xA0\xDD\x31\xA2\x9A\xAA\x66\xB1\x64\x20\xA8\x51\x78\x3C\xBB\x66\xF0\x0F"
"\xC7\x98\xA3\xEC\x30\x06\xE4\xA0\x00\x00\x00\x00\x49\x45\x4E\x44\xAE\x42\x60\x82"
}
};

static const binfile_t background_favorite = {"background_favorite.png", 1364, {
"\x89\x50\x4E\x47\x0D\x0A\x1A\x0A\x00\x00\x00\x0D\x49\x48\x44\x52\x00\x00\x01\x40\x00\x00\x00\xF0\x01"
"\x03\x00\x00\x00\x4B\xE3\x2F\x28\x00\x00\x00\x01\x73\x52\x47\x42\x00\xAE\xCE\x1C\xE9\x00\x00\x00\x04"
"\x67\x41\x4D\x41\x00\x00\xB1\x8F\x0B\xFC\x61\x05\x00\x00\x00\x06\x50\x4C\x54\x45\x29\xCB\x71\x21\xAE"
"\x60\x8C\x3B\x2F\xEA\x00\x00\x04\xEC\x49\x44\x41\x54\x68\xDE\xE5\x9A\x3D\x8E\xDD\x36\x10\xC7\x29\x0B"
"\x0B\x25\x78\x80\x55\x6E\xA9\xDC\xC0\x37\x30\x5D\x1A\xA9\xD2\xB9\xDC\x9B\xAC\x74\x04\xDF\x20\x5B\x1A"
"\xB9\x84\xD5\xB9\x35\x8C\xF4\x56\x99\x6C\xC5\xC2\x06\x84\x85\x2C\xFA\x7D\x48\xFC\x98\xF9\x0F\x49\x6F"
"\x36\x95\x59\x6C\xF1\xF0\x7B\x7F\x72\x66\xC8\x21\xE7\xCD\x2A\xF5\xF3\x8E\xEA\xCB\x50\x06\x36\x76\xBD"
"\x2B\x02\x3B\x6B\xED\xDF\x25\x60\x7F\x04\xED\x43\xC1\xF4\xF6\x32\xFE\x28\x05\xED\xD7\x9C\xD1\x3B\x68"
"\xD7\x34\x58\xDB\xF1\xD9\x46\x0E\x19\xF0\xF8\xE7\xE6\x0C\x8E\x69\x37\x2E\xA7\xBF\x87\x13\x68\xD2\xE0"
"\x7C\x59\x6A\x5F\x08\x2A\x75\x6D\xE7\x24\xD8\x3A\x1D\xBD\x14\x82\x6D\xDA\x3F\xED\xE4\xEC\x2F\x05\x2B"
"\x5B\x08\xAA\xB4\xC7\x03\xB0\x2F\x55\xEC\x4B\x15\x75\x31\x98\x0C\x76\xF7\x18\x70\x4A\x82\x5E\xA6\x33"
"\x85\x6B\xEC\xE6\x42\xC5\x74\xB0\x03\xB0\x49\x1E\xB0\x08\x4C\x9D\xDA\x00\xAC\x4F\xE7\xE1\xDF\x02\xF0"
"\x72\x72\xBF\xBD\x92\xC0\x81\xE6\x82\x77\x10\xD4\x1F\xFC\xBA\xFA\x54\xD2\xE8\x3E\x5B\x7B\xBF\xFB\xC7"
"\x25\x0D\x90\x08\x75\xB8\xAE\x6B\x97\x5F\xEE\x31\xE8\xD6\xF5\xCC\x91\xDF\x7E\xC3\xA0\xCB\x90\x2F\x1C"
"\xFA\x0E\x83\xD6\xBE\xBE\x7C\x70\xB0\x38\x11\x7A\xD0\xAD\xEB\xBD\xFB\x24\x8C\x93\x5E\x83\x75\x31\x9B"
"\x82\x38\xE9\x39\x5C\xD7\x96\xF5\xAB\xDE\x7D\xD7\x83\xA7\xDD\x7A\xE5\xC8\xDD\xA6\x9B\xFD\x83\x91\xEC"
"\xFF\x1B\xBA\xAE\xFD\xBB\x86\x9E\x28\xE6\xEB\x6D\xFA\x99\x9D\x7A\xBF\x2E\x1B\xDA\xB4\x80\x53\xEF\xA7"
"\xFF\xCB\xC7\x69\x45\x79\x84\xDB\x74\xF4\x07\xCE\x4C\xCC\xD7\xAD\x00\x06\x01\xBC\xDF\x76\xFD\x20\xA4"
"\x30\x1A\xA7\x7E\x14\x93\x62\xBC\x7F\x12\x60\x60\xD3\xD7\xE0\xF0\xC1\x34\xEB\x6D\xBA\x4B\x83\x3E\x4E"
"\xAB\x03\x85\xAB\xC0\xC5\xE9\xCF\x31\x97\xE1\xB7\x38\x7D\xCE\x28\x7A\x9B\x86\x2C\xB8\xD9\xB4\x2B\xD2"
"\x9C\xF8\x9C\xDA\x24\x81\x2F\x69\x9C\x06\x01\x24\x97\x4D\x2B\x82\x24\xF6\xB5\x08\x92\x9B\xB3\x92\xC1"
"\x51\xF8\xE2\x4A\xDF\x4B\xA3\xB0\x14\x06\x4E\x18\xAC\x56\xFA\x5E\x9A\xCA\x14\x1B\x0A\xEE\xEE\xAA\x16"
"\x0A\x92\x0B\x51\x2B\x3C\x75\xCB\x40\x41\xB1\xA3\xEF\x29\x49\x91\x83\x82\xA2\xA6\xE0\xBE\xB1\x39\xB8"
"\x08\x53\x2F\xF4\x0D\xBD\x94\x29\xDA\x72\x70\x2D\x02\x2B\x11\xAC\x17\x12\x6A\x6B\xFF\x2B\x38\x93\x50"
"\x53\xF0\x16\xAF\xB1\x61\xEF\x76\x41\xB1\x65\xE0\x2D\x06\x3B\xF6\xC0\x5F\x4B\x41\x41\x51\x97\x2A\x9E"
"\xC0\xA9\x04\xEC\x19\x78\x4B\x4B\x05\xFF\x44\x2A\x52\xE4\xD5\xCA\x0E\x36\x86\xD5\x55\x31\xB8\xC0\xA9"
"\xEB\xE8\x86\x4E\x28\x02\x10\x2B\x36\xA5\x8A\x6D\x74\xE7\x47\x9B\x26\x04\x7F\xBF\xDC\x17\x0B\x9E\x7A"
"\x07\x7F\x7D\xB3\xDF\x6A\x19\x45\x8D\x2B\x4E\x0E\xDA\x1F\x07\xA3\xED\xE3\xC0\x16\x80\x6B\x29\x18\x4A"
"\x7A\x70\x22\x2F\x66\x62\x77\x35\xD3\x35\xF6\x58\x92\x2B\xEA\x10\x7C\xE0\x8A\x0E\xEC\x2C\x94\xE4\x8A"
"\x6D\x04\x3A\xC3\xEB\x39\x0D\xBA\xF3\xC0\xC1\xC6\x42\x49\x0E\x56\x31\xB8\x27\x16\x67\x4C\x97\x01\xB9"
"\xA2\x22\xE0\x48\x40\x5F\x3F\xF6\x4F\x05\x8E\x0A\x85\xC6\xAF\xD1\x30\x90\x38\x52\x15\x82\x2B\x3D\xCE"
"\x1E\x8C\x3D\xBE\xC8\x8A\x75\x04\x1A\xBA\x0D\x3D\x58\x3D\x0E\x1C\x65\x30\x76\xE4\xC0\xCE\xBD\x00\xAA"
"\x84\xA2\x46\xC7\xCB\x2B\x0E\xD1\x1D\xB3\x0F\x97\xFA\x9A\x89\x4F\xDD\x02\xA3\xA1\x62\x03\x4E\x02\x54"
"\x6C\x80\xD1\x01\x38\x28\x14\x1A\xFE\xEB\x44\x00\x56\x28\x4D\x21\x45\x85\x92\x0F\x52\x0C\x3C\x6E\xD2"
"\xA0\xE6\x46\x07\xD9\x0E\x82\x63\x5A\xB1\xE3\xDE\xC1\x8A\x1D\xF7\x4E\x00\x2A\x00\x06\x19\xB7\x1D\x53"
"\xC6\xCC\x19\x45\xCD\xBD\x83\xAB\x3D\x0D\x6E\x85\xB6\x14\x84\x8A\x3D\xF7\xCE\xFF\x00\xB6\xA8\x2C\xB4"
"\xA5\x8A\x49\x70\xCD\x81\xC3\x8F\x4E\xBD\xA2\x9F\xA7\x33\x8A\x95\x4D\x39\x3C\xA7\xA8\x87\x14\x38\x82"
"\xA9\x57\x05\xCE\xF5\x98\x56\x7C\x04\x98\x59\x63\x93\x52\xAC\x9E\x1E\x5C\x72\xA0\xE2\x6B\x6C\x4B\x15"
"\xDB\x94\x62\xF5\x64\x8A\xA8\x88\x3B\x67\x94\x0F\xA4\x08\x90\xC0\xB5\x2E\x54\x9C\x69\x59\xA1\x41\xB5"
"\x77\xA9\x65\xFA\xFC\xD4\xFA\x9C\x18\x3B\x0C\x86\x55\x8A\x3E\x27\xC6\x56\x00\x63\xC5\xE9\xB2\xD9\x32"
"\x8A\xFD\x79\x23\x56\x31\x78\x0B\x14\xB7\x1A\xBC\xC7\x60\xA4\x68\xFC\x0A\x14\x39\xCE\x31\x38\x6C\x91"
"\xCC\x28\x6E\x57\x65\x1D\x81\xA8\x88\xEB\xCD\x7E\xBC\x73\xE0\xB4\xE7\x2A\x93\x01\x9D\x3F\x81\x62\x58"
"\x9B\xFD\xE2\x36\xC7\x94\x2D\x34\xF9\x2F\x39\x2B\x2E\x5D\x37\xB3\x0D\xA8\xCD\x50\xC7\x01\x2A\xA2\x9F"
"\xFC\xFB\x09\x29\x1E\xB7\xFF\x5B\xB9\x65\x13\x81\xAC\xF7\xD9\x4C\xA0\x88\xDB\x0A\x9D\xA8\x8D\x51\x0F"
"\x92\xA2\xD8\xC6\x60\x8A\xB0\xE3\x20\x80\xB8\x9F\xEB\x2B\xA9\xF0\xB9\xFA\xA9\x4C\x11\xF6\x73\xB1\x22"
"\xE8\x0C\x89\x20\x8D\x93\x2F\x34\x29\x48\xE2\x24\x2B\x92\x38\xF9\x92\x0B\x80\xA1\x4D\x89\xA9\x63\x9B"
"\xEA\x0C\xE8\xE2\x94\x05\xF7\x38\x79\x70\x3D\x48\xE8\xA7\x08\xAC\x8F\xF9\xFA\xBD\x40\x9E\x6C\x0A\xC0"
"\x87\xB0\x3F\x40\xC6\x6B\x0F\x9E\xB2\xE1\x5D\xD0\x74\xA0\x36\xB9\xDA\xEC\x9C\xDB\xFF\x09\x1B\x29\x64"
"\xCC\xD1\xC3\x6D\x1D\x82\xA6\x83\x85\x45\xDA\xFE\x00\xFE\x18\xF6\x71\xA0\x62\xE3\xBB\x4F\xD7\x49\x45"
"\xDF\x67\x79\x05\x6D\x32\xA0\x27\xF1\x05\xD9\x64\x50\x9F\xE5\x68\xD3\x21\x09\xFA\x39\x3F\x2A\x1A\x27"
"\x23\xF4\x59\x58\x9C\x28\xE8\xE7\x24\x71\x32\x72\x9F\x25\x8E\x93\x49\x34\x6F\x8E\xC7\xEB\x00\x6A\x25"
"\xD4\x3B\x0A\xE2\x64\x92\xCD\x9B\x20\x4E\x93\xD0\x91\x09\xE2\x74\x95\x04\x59\x9C\x26\xB9\xCD\xF3\xC2"
"\x4F\x7F\x48\x82\x51\x9C\x92\x60\x10\xA7\x26\x03\x06\x7E\x1C\xD2\xA0\xB7\x29\x07\x3A\x9B\x54\x7E\x5C"
"\x15\xFC\xF7\x8B\x8F\xD3\x52\x04\x1E\xC3\x68\x54\xE1\x18\xD4\xCF\x3B\xBE\x03\x41\xDA\xCA\x22\x4D\x61"
"\x4E\xB1\x00\x00\x00\x00\x49\x45\x4E\x44\xAE\x42\x60\x82"
}
};

static const binfile_t background_gb = {"background_gb.png", 1217, {
"\x89\x50\x4E\x47\x0D\x0A\x1A\x0A\x00\x00\x00\x0D\x49\x48\x44\x52\x00\x00\x01\x40\x00\x00\x00\xF0\x01"
"\x03\x00\x00\x00\x4B\xE3\x2F\x28\x00\x00\x00\x01\x73\x52\x47\x42\x00\xAE\xCE\x1C\xE9\x00\x00\x00\x04"
"\x67\x41\x4D\x41\x00\x00\xB1\x8F\x0B\xFC\x61\x05\x00\x00\x00\x06\x50\x4C\x54\x45\xE8\x81\x1F\xDF\x6C"
"\x10\x89\xA6\xB8\x09\x00\x00\x04\x59\x49\x44\x41\x54\x68\xDE\xED\x98\x4D\x8E\xDC\x20\x10\x46\xB1\x58"
"\xB0\xE4\x08\x1C\x85\xA3\x81\x34\x8B\x39\x56\x3C\xCA\x01\x72\x05\x72\x03\x96\x2C\x2C\x48\xC7\xE3\xB6"
"\xF9\x29\x8A\x6F\x1B\x29\xBD\x89\xDC\x79\xE3\xC6\x8F\xAA\x32\x55\xA2\x14\xF1\x7C\x4C\x29\x25\x0A\xFA"
"\x53\x72\x75\xA1\x5F\x60\x9A\x81\x47\x75\xA1\x5E\xE0\x31\x03\xEB\x3B\xC8\x17\x98\x67\x60\xBD\xA6\xED"
"\x05\x96\x19\x18\x9A\xAB\xD7\xC7\x4F\xC0\xBD\xBE\x72\x2F\x70\x9F\x80\xCD\x0D\xEC\x0B\x0C\x13\xB0\xB9"
"\x62\x44\xB6\x0F\xC9\x88\x6C\xB5\x31\x22\xDB\xBF\x67\x44\xB6\x2B\x62\x44\x76\xCF\x38\x17\xD9\x59\x9B"
"\x8B\xEC\xFE\x9C\x11\x29\x50\x91\x02\x15\x29\x50\x91\x02\x15\x29\x50\x91\x02\x15\x29\x50\x91\xE2\xBF"
"\xC8\x7F\x44\xA4\x41\x45\x6A\x54\xA4\x46\x45\x2A\x54\xA4\x42\x45\xFE\xDD\x43\x48\xE4\x09\x06\x74\xB3"
"\x23\x0A\x26\x14\x3C\x50\x30\xA3\x71\x56\x60\xD0\xA3\xE0\x8E\x82\x01\x0C\x71\x48\xA4\x43\x45\x3A\x54"
"\xA4\x43\x45\x3A\x54\xA4\x43\x45\x3A\x54\xA4\x43\x45\x7E\x83\x11\x05\x13\x0A\x1E\x28\x98\x51\xB0\xC0"
"\xA0\x47\xC1\x1D\x8B\x47\x44\xE4\x05\x46\x14\x4C\x28\x78\x40\x79\x8D\x88\x7C\x83\x05\xAA\x66\x88\xC8"
"\x1B\x5C\x89\x54\x05\x14\x79\x83\x2B\x91\xBA\x80\x22\x6F\x70\x25\xD2\x14\x50\xE4\x0D\xAE\x44\xDA\x02"
"\x8A\x74\x05\x14\x79\x73\x0B\x91\xDB\x03\x46\x6C\x07\x57\x22\xD5\x03\x1E\x98\xEF\x95\xC8\x47\xE3\x42"
"\xA4\xAD\x40\x8F\x69\x5C\x88\xAC\x38\x56\xE4\x56\x83\x11\xD1\x18\x35\x2F\xF2\xD6\xB8\x6F\xBC\x48\xFD"
"\xA8\xE1\x45\x9A\x47\xB6\x63\x45\xDA\x67\xFB\x2C\x2B\xD2\x3D\x01\x61\x58\x91\xA5\x01\xC3\x5A\x63\x3C"
"\x9F\x2B\x02\x1A\x4F\x30\x41\xF5\x44\x71\x22\x75\x0B\xE6\x75\x34\x7E\x83\x65\x1D\x8D\x17\xE8\x97\xD1"
"\x78\x81\xFB\x32\x1A\x2F\x30\x2C\xA3\xF1\x5B\xCF\x54\xA4\xEC\xC1\xB4\x4C\xEA\xC4\x1F\xC8\x75\x69\xF7"
"\x7A\x2A\xD2\xD4\x55\xC2\x32\xA9\x6D\xEB\x2A\xE1\x98\xD4\x76\x75\x95\xE0\x52\xBB\x4E\x7E\xC9\xA4\x76"
"\x9D\xD4\x51\x33\xA9\x2D\xCB\xF0\x49\xAB\xDA\xC8\xD7\x48\x3D\x82\x79\x59\x1B\xD9\x1A\x69\x09\xD0\xAF"
"\x6A\x23\x5B\x23\x09\x8E\x14\xB9\x51\x60\xC4\x34\xD2\x22\x15\x05\x1E\x98\x46\x5A\x24\xA5\x91\x14\x69"
"\x49\xD0\x63\x1A\x49\x91\x24\x47\x88\xDC\x68\x30\x62\x1A\x1F\x91\x9E\xD4\x98\xE5\x20\x72\x27\x35\x26"
"\x31\x88\x0C\xA4\xC6\x50\xB9\x1A\x06\x6C\xB6\x71\x62\x7A\x91\x89\xD4\xE8\xAB\x85\xEC\xFD\x10\xB0\xDD"
"\x37\xD5\x8B\xCC\x94\xC6\xDC\x55\xC0\x66\x50\x29\x57\xA0\x27\x34\x1E\x35\x98\xBA\x61\xAA\x6E\xC1\x6D"
"\x00\x03\xA1\xB1\x01\x8F\x6E\xE0\x6B\x67\x60\xEE\x46\xC8\x6E\x06\x96\x6E\x28\x5D\x56\x60\x26\xA2\xB1"
"\x05\xFD\x75\x23\x22\x1A\x33\x09\xFA\x31\xA9\x1B\xE1\x97\xC0\xF7\xBF\xBA\xCB\x51\x02\x0C\x44\x52\x37"
"\xBF\x10\x2E\x30\x12\x49\x5D\x87\xD9\x0D\x26\x22\xA9\xEB\xC0\xBD\xEE\xF4\xDE\xA2\x3E\x99\xED\x08\x66"
"\x22\xA9\x93\x18\x12\xF6\x32\xDF\x25\x75\x96\x14\xE8\x67\xB5\xB1\x09\x9F\xCB\x93\x46\xC0\x30\xAD\x8D"
"\x75\x9C\x5D\x4F\x65\x11\x30\x4D\x6B\x63\x07\x1E\xD3\xDA\xD8\x81\x79\x5A\x1B\xEB\xC8\x1D\x62\x65\x06"
"\xBA\x53\xA4\x5A\x83\xF6\x14\xA9\xD7\xA0\x39\x45\x1A\x16\xF4\xEF\xC8\x8E\xAC\xC6\x0B\x54\xA7\x48\xB7"
"\x06\xE5\x29\xB2\xAC\xC1\xBF\x06\xF3\x06\x80\xE7\xCD\x3E\x11\x90\x5F\x5E\x05\x5A\x14\x34\x6B\x70\x9F"
"\xBF\xF7\x29\x50\xA1\xA0\x44\xC1\x0D\x05\x05\xFA\xD4\x80\x48\x2F\x40\x91\x5E\x80\x22\xBD\x00\x45\x7A"
"\x01\x8A\xF4\x02\x14\xE9\xD9\xF3\xCE\xAF\xF1\xD4\x45\x83\x9F\xE3\x39\xCE\xA1\xA0\x45\x41\x5A\xA4\x1A"
"\x41\x8D\x82\xF7\x57\xB9\x94\x1F\x1C\x78\x8B\x3C\x5C\x31\x04\x38\x9E\x78\x92\xCD\xCF\x32\x34\x71\x1E"
"\xBE\x5F\x51\xE6\x78\x96\x41\x81\x6F\x91\x41\x27\xC9\x82\x6F\x91\xBB\x8A\x1B\x01\x1E\xC3\xC9\xD1\xCB"
"\x20\x58\xF0\xFD\x9D\xD8\xF6\x7B\x19\xD9\x10\xED\x82\xBA\xD7\xE2\x9F\x89\x06\x05\xCA\xEA\x27\xCC\x08"
"\xC6\xFE\x04\x9E\xEA\x65\x90\xA0\xA8\xBE\x78\x8B\x3C\x2C\x75\xB6\xAF\xA6\xEF\xF2\xDE\x25\xAA\x5B\xB0"
"\xE3\x1D\x69\xD0\x8C\x6B\x4C\xE4\x78\x51\x8F\x4F\x9D\x2C\xD5\xFA\xA8\x67\x4F\xDF\xFF\x9F\x1C\x05\xCA"
"\xE7\x1B\x37\x80\x79\x6C\x65\x7C\x15\x72\x07\xDD\x9E\xDD\x8F\xB7\x2D\x1A\xBE\x5B\xA4\x5C\x80\xB7\x48"
"\xD5\xFD\x6E\xDF\x6B\x9A\xF6\x8E\xC9\xCD\x9A\x2E\xDD\xAE\xB1\x01\xC3\xD8\xB6\xDE\x4F\x9D\xA6\x53\x48"
"\xD9\x7A\x8C\x6E\xD6\x6A\x6E\xED\xCE\x34\xE0\xD8\x65\x3E\x7B\x5D\x83\x79\xEC\x5B\x9F\xE8\xA9\xC1\x63"
"\xEC\x84\x9F\x78\x8C\xF3\x96\xDD\x34\x11\x1E\xE6\xBD\xAB\x6E\xEE\x18\xE6\xDD\xB0\x6A\xD6\x18\xE6\xFD"
"\xB5\x6C\x9E\x3A\xCC\x3B\xF6\xAD\xA9\x14\xBF\x99\x19\x40\x53\x7B\xBE\x98\xA9\x82\xAB\xAB\xD9\x17\x33"
"\xA7\xB0\x75\x7D\xFC\x62\x26\x1F\xA6\xAE\xB8\x3F\x99\x11\x80\xAE\x6B\xF8\x07\x33\x54\x50\xF5\x5B\xE1"
"\x83\x19\x53\xC8\xFA\x3D\xF3\xC1\x0C\x3E\xB6\xFA\xCD\xF5\xC1\x8D\x52\xE8\x37\x6B\xE6\x27\x29\x9F\xDC"
"\xB8\xC7\x92\xC7\x84\x84\x4E\x7B\x22\x38\x3F\xA2\x86\x5C\x0A\x9D\xF6\x48\x7E\x7E\xF4\x07\xCD\x56\x81"
"\x7C\xA7\x7D\x66\x09\x00\x00\x00\x00\x49\x45\x4E\x44\xAE\x42\x60\x82"
}
};

static const binfile_t background_gba = {"background_gba.png", 1017, {
"\x89\x50\x4E\x47\x0D\x0A\x1A\x0A\x00\x00\x00\x0D\x49\x48\x44\x52\x00\x00\x01\x40\x00\x00\x00\xF0\x01"
"\x03\x00\x00\x00\x4B\xE3\x2F\x28\x00\x00\x00\x01\x73\x52\x47\x42\x00\xAE\xCE\x1C\xE9\x00\x00\x00\x04"
"\x67\x41\x4D\x41\x00\x00\xB1\x8F\x0B\xFC\x61\x05\x00\x00\x00\x06\x50\x4C\x54\x45\x2C\xC5\x6D\x27\xAE"
"\x60\x7D\x84\x94\xAD\x00\x00\x03\x91\x49\x44\x41\x54\x68\xDE\xD5\xD9\xC1\x91\xE3\x20\x10\x05\x50\x51"
"\x1C\x38\x12\x02\xA1\x28\x34\x14\x9A\x42\x21\x04\xF6\xA6\x83\x0B\x46\x6B\x0B\x4B\x40\x37\xFD\xC7\x25"
"\x6F\xD5\xEA\x38\xF3\x8C\xA1\x81\x6E\xB0\xA6\xE9\x7F\x7A\xDC\x8A\x39\x9D\x33\x06\x6D\xCE\x0F\x08\xCE"
"\x19\x94\x7E\x87\x79\x03\x60\x7E\x3E\x51\x74\xEA\x05\x73\xD8\x87\x2F\x0D\xFA\xF5\x2C\xD3\xB8\xAB\xA6"
"\xC0\x6C\x9E\xCD\x02\xF0\xEF\x33\x0E\xE3\xE5\x89\x28\xDC\x7B\xCA\xCE\x74\x0D\x37\x14\xF2\x4D\xB6\x70"
"\x43\x21\xDB\x64\x07\x37\x14\x72\x4D\xF6\x70\x43\x21\xD3\x24\x01\x37\x14\xD2\x4D\xCE\x19\x6C\xD2\x13"
"\x30\xC3\x30\xB2\x5B\x46\x6E\x52\xD1\x30\xA2\x30\xF3\x7B\xAB\x79\x02\x0A\xD3\x78\x6F\x0D\x9A\xB4\x19"
"\x6C\x92\x85\x79\x95\xA7\xFA\xF5\x3C\x50\xD8\x34\x39\xF3\x70\x43\x61\xBD\xDA\x7C\x06\x9B\xAC\xE0\xE6"
"\xF9\x79\x6C\xFE\xC1\x2F\x8D\x26\x20\x86\x6B\x52\xB5\x0D\x38\x66\x1E\x55\xF7\x67\x66\x1E\x75\x17\x61"
"\x4D\x07\x5D\xF7\x71\x73\xE4\x3C\x1A\x22\xC0\x64\x93\x86\x18\xA3\xA6\x82\x6E\xA8\x9E\x3B\xE2\x6B\x2C"
"\x39\x44\x22\xE8\x96\x5C\x80\xC4\xF7\x38\x7A\xA5\xFA\xAE\xE7\x0C\xD4\x1D\x9C\x99\x55\x35\xA3\x50\x8F"
"\x60\xA4\x57\x7E\xDF\xEB\x48\x67\x10\x01\x9E\xFF\xE9\x43\x1B\xE8\x5C\x23\xC1\x09\x86\xEE\x0A\xD5\x00"
"\xEA\x0E\xC6\x99\xCC\x4A\x65\x38\xE7\xA7\x82\xA6\xA1\xED\xE0\xF1\xD9\x95\x4E\xEF\x27\x5C\x8F\x50\x2C"
"\x74\x51\x3B\x83\xB5\x1E\xFD\x5E\xE8\xB4\x7D\x85\x8A\x29\x95\x27\xB4\x57\xC8\x54\xDE\x13\x2E\xC7\x57"
"\x33\x07\x3C\x04\x3E\xC3\x51\xDA\x8E\x05\x26\xE6\x3C\x56\x60\x70\x13\x0F\x75\x81\x7B\xA4\x56\x75\x0C"
"\x3E\x31\xD5\xFC\x0D\x4B\x94\x1E\xCC\x59\x10\x83\xEA\x80\xFE\x15\x66\x1E\xEE\xE2\x0A\x2D\x7F\xDA\xB1"
"\x28\x54\xB9\x4C\xE6\x52\x66\x80\x39\x92\xCD\x05\xBE\x67\x80\x39\x07\x9B\x0A\x1A\x1E\xAA\xB2\x86\xDF"
"\x8B\x39\x0A\xF7\x84\xF7\xCA\x0B\xE3\x7B\x42\xFA\x22\x5C\xC7\x17\x8A\xF4\xEE\xEC\xFD\x70\x11\xAE\x28"
"\x30\x0C\x65\xC9\x4B\x30\x55\x7B\x63\x74\xFC\x0F\xB7\xC3\xF5\x3A\xFC\xC1\xB5\xF5\x4B\x50\xBA\x3A\xFB"
"\x23\x47\x2D\x28\xDC\x50\x28\xDE\xB0\x8F\xB4\x08\x43\xF3\x2B\x28\x6D\xC2\x5F\xC0\xE5\x95\x7A\x64\x18"
"\x5E\x30\x88\xD7\xFF\x84\xC2\x3D\xDD\x83\x30\xB9\x2C\x6F\x42\xF6\xB2\x71\x03\x5C\xEE\x80\xF6\x23\x38"
"\xDD\x01\xDD\x27\x30\xDD\x02\xE7\xAF\x42\x79\xB7\x7E\x0D\x6E\xB7\xC0\xFC\x09\x8C\x77\x40\xF5\x11\x0C"
"\xFF\x14\x6A\x74\xB7\xDE\x0F\xEF\xDF\xFF\x9F\x41\x6C\xFF\xFF\x41\xE1\xEA\x41\xB8\xB8\x84\xC1\x09\x84"
"\x7B\x5D\x80\xE1\xE3\x6E\x68\xE0\x16\xB7\x7B\x61\x16\xA0\xB9\xC4\x31\x62\x70\x99\x41\x18\xC6\x89\x42"
"\x83\x9B\x10\x87\xEA\x13\xB8\x4E\x60\x36\xBB\x09\x96\xD4\xFC\x70\xC3\x4D\x78\xD6\x99\x68\x04\x58\x6A"
"\x61\xD0\x02\x2C\xAB\x22\x28\xE1\xE5\x50\x99\xC3\x55\x82\x1A\x85\xEA\x0D\x13\xF4\x56\x08\x80\x1E\x85"
"\x0E\x85\xB6\xC4\x51\x7A\xCF\xA5\xCB\xCC\x48\xF0\x18\xF6\x66\xC5\x37\x67\x1E\xA9\xFF\xD7\x65\x31\x80"
"\xAA\x9A\x6D\x11\x1A\x14\x2A\x14\x4E\x30\x9C\x45\xA8\xAB\x49\x4C\x22\x34\x28\x54\x28\x9C\xC4\x52\xA8"
"\xEB\xB9\x19\x6C\xAC\x7A\x49\xCA\xD0\x48\xE5\xDA\xD4\x4B\x52\x86\x93\x94\xA4\x4C\xBD\x24\xF9\x44\x6A"
"\xEB\x0D\x16\x65\x68\x85\x73\xA6\xAD\x37\xD8\x43\x86\x4A\x98\x43\xD7\xE4\x15\x00\x7A\xE1\x2D\x6A\xB3"
"\x13\x83\x0C\x9D\xF0\xBA\xB5\xC9\xBB\xEC\x68\xE6\x36\x01\x2D\x22\x54\xE3\x6A\x38\xB7\x09\x68\x93\xE1"
"\x3C\xEC\xA4\xEF\xD2\xE9\x22\x42\x33\xEC\xA4\xEF\xD3\xA9\x08\xA7\xE1\xDE\xF6\x7D\x3A\xA5\x3B\x99\xFB"
"\xE2\x10\x45\xA8\x47\x29\x2D\x13\x35\x51\x84\xA5\x38\x04\x11\x3A\x3E\x40\x75\x85\x1E\x64\xC9\x1A\x2A"
"\xFE\x50\xD3\xD4\x7C\xCF\x06\xA8\x81\x7C\x2A\xD7\x99\x3E\x86\x48\x50\xB1\xD7\xC8\x06\x96\x4E\x26\x11"
"\x3A\xEE\xBB\x5B\xA8\xB9\xDB\x73\x0B\x27\xEE\x4A\x65\x32\x53\xE2\x83\x04\xB9\x12\xDF\x41\xC5\xDC\xFB"
"\x6C\xE6\xCE\x21\x51\x82\x96\x1E\x4E\x0F\x35\x7D\x24\x77\x99\x3D\x03\xA5\x26\x1A\xFC\xAF\x3F\x41\x80"
"\x9A\xFC\x45\x87\xBA\x83\x7A\xFA\x45\xF8\xE8\x97\x27\x01\x6A\xE2\x87\x95\x7D\x1E\x7E\x00\x31\x07\x56"
"\x9D\x7C\x10\x97\xD4\x00\x00\x00\x00\x49\x45\x4E\x44\xAE\x42\x60\x82"
}
};

static const binfile_t background_gbc = {"background_gbc.png", 1184, {
"\x89\x50\x4E\x47\x0D\x0A\x1A\x0A\x00\x00\x00\x0D\x49\x48\x44\x52\x00\x00\x01\x40\x00\x00\x00\xF0\x01"
"\x03\x00\x00\x00\x4B\xE3\x2F\x28\x00\x00\x00\x01\x73\x52\x47\x42\x00\xAE\xCE\x1C\xE9\x00\x00\x00\x04"
"\x67\x41\x4D\x41\x00\x00\xB1\x8F\x0B\xFC\x61\x05\x00\x00\x00\x06\x50\x4C\x54\x45\x31\x99\xDC\x24\x81"
"\xBA\xEC\xBD\x33\x23\x00\x00\x04\x38\x49\x44\x41\x54\x68\xDE\xED\x99\x3D\x8E\xE4\x20\x10\x46\x41\x0E"
"\x08\x7D\x04\x1F\xC5\x47\xB3\xF3\x3D\xC0\x5E\x07\x69\x2F\xE2\x70\x43\x82\x09\x08\x10\x6C\xFB\xA7\xDB"
"\x76\xD5\x57\x50\xEA\x19\xAD\x76\xA4\xED\x60\xA4\xE9\x79\x6D\x28\x78\x54\x15\x3D\xC6\xF0\xD7\x58\xAE"
"\xBF\x4D\xA5\x94\x60\xE0\xEB\x0E\x8E\x0F\x30\x61\x70\xCA\xD7\xDF\xFA\x07\x58\x04\xF0\xF6\x80\x6E\x05"
"\x3D\x04\xC9\x48\x2B\xB8\x60\x30\x1A\x1A\x4D\x44\x9C\x25\x6F\x0F\x0F\x30\x23\xB0\x23\xAB\xE1\xA4\x68"
"\x28\x68\xA5\x68\x1C\x9D\x7A\x11\x96\xDC\xD1\x8F\x4B\x4B\xDE\x53\xB0\x17\xA2\xE9\xCB\x6C\x54\xD1\x0C"
"\x14\xB4\x02\x38\xB2\x37\x27\x2D\x38\x60\x70\xCA\x7C\xD6\x18\x4C\x7C\x0B\x20\x08\xD6\x4C\x00\x23\x98"
"\x76\x69\xCB\x73\x44\xD3\x76\xE2\x58\x72\x04\x2E\x60\x94\xA2\x90\x67\x5F\x72\x85\x3C\x78\x13\x80\x3C"
"\xFB\x9B\x0A\x27\xF6\x89\x2B\x41\x5B\x74\xD3\x79\x44\x03\x40\x78\x34\x07\x8D\x3C\xDB\x5A\x68\xE4\xD9"
"\x26\xA9\x92\xC7\x68\x12\x4A\x05\x0C\x3A\xB0\xD3\x83\x8B\x0E\x74\x7A\xD0\xEB\xC0\x5E\x0B\x42\x27\x3E"
"\x05\x8E\xC5\x28\xC1\xAC\x04\x27\x35\xA8\x74\xE2\xBF\x3C\x7F\x5D\x1E\xF3\xCF\xCB\x53\xD4\xF2\xC4\x2F"
"\x06\xBF\x83\x3C\xFD\xB7\xC8\x3C\x5F\x0D\x4E\x12\x68\x59\xDF\xF2\x59\xB0\x63\x4D\x86\xFF\x24\xE8\x58"
"\x13\x26\xEC\x75\xFF\x26\xE8\xC4\x1B\xC9\xC0\x1A\xC5\xA8\x05\x85\x53\x38\xB2\xAE\x4E\x0D\x0A\x09\x60"
"\xE2\x3D\xBC\x70\x8C\x79\x1F\x3D\x6B\x41\x8F\xCF\xBB\xD1\xDD\x9A\x10\x18\xF0\x79\xE7\x97\x82\x88\xCF"
"\x3B\x07\x93\x02\xDC\xAE\x80\x05\x9F\x77\x7E\x71\xD1\x83\xBE\x5D\x2C\xB6\x6B\x2A\x5C\x1F\x08\x86\x76"
"\x55\x19\x8A\x14\x36\x29\x16\x3B\x98\xDB\xE0\x58\xA4\xB0\xC9\x30\x53\x91\xC2\x06\x17\x64\x18\x36\x6D"
"\x49\x76\x0E\x84\x4D\xAB\xCA\x01\xA6\x56\xB1\xB0\x07\x98\x5B\xC5\xE2\x09\xF2\xD3\x40\xC0\xEE\x09\xFA"
"\x46\xB1\x70\x45\x8A\x86\x5C\x90\x5F\x60\x6C\x14\x8B\xBE\x48\xD1\x8C\x48\x1E\x14\x0D\x94\x07\x45\x83"
"\x9D\x00\xD1\x90\x36\xF5\x04\xA3\x4A\x1E\x10\x0D\x96\x87\x47\x23\xC8\xC3\xA3\xE9\xB0\x3C\x3C\x1A\x41"
"\x1E\x1E\x4D\x27\x38\xC1\xA2\x21\x6D\xEA\x15\xA4\x7B\x8B\xE5\x61\xE7\x46\x92\x87\x45\x23\xC9\xC3\xCE"
"\x0D\x90\x27\xBF\xC8\x86\x3C\x71\x44\xD1\x00\x79\x62\x8F\xA2\x01\xF2\x84\x0E\x2D\x39\x90\x27\x58\xB4"
"\xE4\x4C\x9E\x34\x2D\xA7\x42\x35\x79\xC2\xE0\xCF\xF3\xE0\x25\x79\x1E\x83\x06\xE7\xCF\xD5\x0C\x15\x79"
"\x42\x37\x9F\xFB\x93\x2A\x09\x65\xB9\x6D\x64\x45\x1E\x7F\x03\x67\x59\x1E\x7F\xDB\xF1\x45\x70\xC2\xED"
"\xCF\xE8\xB9\xE5\x5C\x9E\xF9\x96\x2E\xB2\xEC\xC4\x3D\x0B\xBC\x9E\x33\xD2\x6A\x94\x09\xE8\xA5\xB2\x95"
"\x49\x16\x88\x92\x3C\x89\x80\x59\x92\x27\x91\x2C\x70\x4C\xD2\x32\x79\xE8\x1C\x8F\x49\x82\x6A\x74\xCF"
"\xA6\xCF\x49\x5A\x26\xCF\x36\x94\x63\xF9\x02\x64\x9E\x85\x64\xA0\x7D\x92\xA0\x1A\x05\x1A\xCD\x22\x64"
"\x1E\xBA\x3E\xFB\x1B\x28\xF3\x50\x30\xCF\x50\x1E\xB6\x35\xFB\xD8\x20\xF3\xB0\xA1\xCB\x07\x4E\x28\x6C"
"\x6B\xB6\xC9\x8C\xBC\x95\x89\x1C\x5C\x70\xE6\xA1\xEB\xB8\x4E\xDB\x16\x90\x79\x68\x82\x7E\xBC\x7E\xF7"
"\x20\xF3\x2C\x00\x64\x25\xE2\xB9\x18\x8E\x83\xE1\x2D\xD0\xEE\x60\x37\xF7\x1C\xE4\x65\x2B\x98\x6E\x19"
"\x1A\x60\xB7\xCF\xDA\x45\x00\xF2\xB2\x95\x8D\xCB\x63\x03\x3C\x1A\x66\x30\xC3\x82\xAA\x91\x1F\x10\x88"
"\xFA\x60\x2D\x98\xC0\x0C\x0B\xEC\x83\x4B\x13\x44\x8F\x82\x7D\xA7\x1A\x9C\x64\x50\x6C\x65\xDA\xF2\x68"
"\x40\x5B\x01\x97\xB7\xC0\xAE\x02\xFA\xB7\x40\x57\x01\xE5\x56\xA6\xED\x84\x02\x1C\x64\x2E\xBF\x07\xBE"
"\x2F\x4F\xEA\xB0\x13\x13\xDF\x60\xA5\x3C\xCB\x3A\x48\xFE\xD1\x96\x67\x5E\xE3\x8B\xA6\x2D\xCF\xBC\x2E"
"\xED\xD6\x57\x35\xE4\xD9\xF6\xC0\xAF\xE3\x37\xE4\x39\x9A\x91\xBE\xE5\x44\xDE\x3E\xFC\xEA\x48\xDA\xA0"
"\x6B\xC9\x93\x56\x30\xF3\x7F\x99\xA9\xC1\x01\x0E\xFD\xFC\x51\x03\xB7\x27\x26\x0E\x8E\xF0\x89\x4F\xBA"
"\xE6\xC4\x09\xC6\xF7\x40\xA4\xB5\xDB\xE9\x56\xE6\xC1\xA0\x2D\x50\x8A\x2C\xDF\xC0\xEF\x3E\x66\xF9\x06"
"\x7E\xCD\x23\xE3\xFE\xD8\x56\xE6\x09\xEB\x4A\xCC\xB4\x43\x41\xC5\xDC\x6E\x8F\x25\x20\x98\x63\xFE\x59"
"\xF6\xA3\x60\x30\x98\x27\x7A\x66\x05\x30\xDD\xF4\xC8\xD4\x89\x13\x8C\xAE\x9A\x50\xCE\x9D\x89\x9D\x16"
"\x34\xD5\x6A\x74\xDA\x93\xA8\x9A\x12\x98\xA9\xEC\xC1\x08\x86\xCF\x4E\x09\x2E\xAE\x52\x8D\xAE\x87\x8B"
"\xAE\x8F\x37\xC2\xB9\x4E\x75\xF0\xF2\xD7\xBE\x52\x8D\x6A\x15\x4E\x0D\xB2\xAF\xBB\x94\xE0\x6D\xE3\x06"
"\xB1\x1A\x91\x7B\x91\x93\x9D\xB8\x25\x9F\x6C\x6B\xE0\x70\x1D\x4D\x76\xE2\x96\x49\xF3\xF5\xF1\x91\x7F"
"\xD5\x76\x09\xB4\x17\x9D\xB8\x2F\xE4\x55\xA0\x60\x2A\x0B\xB9\x58\x51\x9E\xFB\x42\x46\x2B\x3A\x41\x16"
"\xB2\x0A\x5E\xB7\xC3\x8A\x4E\x10\xF0\x57\x0D\x74\x3A\x27\x24\x30\xA3\x2F\xE5\x95\xA0\x51\xB4\x32\x95"
"\x26\x37\xC1\x6F\xBC\x9B\x7D\x70\xA5\x8D\xBB\x80\x7F\x00\x0D\x0D\x85\x51\x2F\x16\x06\x85\x00\x00\x00"
"\x00\x49\x45\x4E\x44\xAE\x42\x60\x82"
}
};

static const binfile_t background_gg = {"background_gg.png", 1405, {
"\x89\x50\x4E\x47\x0D\x0A\x1A\x0A\x00\x00\x00\x0D\x49\x48\x44\x52\x00\x00\x01\x40\x00\x00\x00\xF0\x01"
"\x03\x00\x00\x00\x4B\xE3\x2F\x28\x00\x00\x00\x01\x73\x52\x47\x42\x00\xAE\xCE\x1C\xE9\x00\x00\x00\x04"
"\x67\x41\x4D\x41\x00\x00\xB1\x8F\x0B\xFC\x61\x05\x00\x00\x00\x06\x50\x4C\x54\x45\x13\xBC\x9D\x0E\xA1"
"\x86\x03\x61\x93\x21\x00\x00\x05\x15\x49\x44\x41\x54\x68\xDE\xED\xDA\x4D\xB2\xAD\x26\x10\x00\x60\x2C"
"\xAB\xE2\xD0\x25\x98\x9D\xB0\xB3\xE8\xA9\x3B\xC8\x32\xB2\x15\x6E\x65\x23\x64\x94\x29\x6F\x14\x06\x96"
"\x44\xE5\xAF\x1B\xBA\x81\x4C\x53\xCF\xC1\xAB\x7B\xDE\xFD\x4E\x0B\x34\xB4\x8A\x57\x08\xF2\x98\x5C\x79"
"\xD0\x4E\xAC\x83\xB0\x08\xB8\xB1\x10\x07\xBC\x16\x16\xE2\x80\xE7\xCC\xC1\xA2\x85\xE7\xC4\xC1\xA2\x1F"
"\xA7\x60\x60\x0E\x28\x03\xDC\x69\xB8\x47\xA7\xB7\x26\x5C\xF2\xD8\x79\x68\x19\x28\xA3\x33\x6D\x38\xA7"
"\xE1\x8B\xAD\x65\xE0\x96\x03\xB6\x61\x6A\xE1\xD1\x86\xA9\x2B\x36\x7D\xA0\x61\x1A\x1B\x05\x20\x31\xE0"
"\x33\x0C\x18\x21\x95\xC2\x0D\x06\x0C\x5F\xB3\xD4\xA4\xC8\xF9\x05\x90\x98\x66\x0B\xE8\x72\x82\x17\x31"
"\x71\x25\x0A\x98\x5B\x5C\xC2\xB4\x04\x74\xB5\x24\xE8\x09\x76\x89\x0E\xDC\x61\x97\x1B\x70\x2E\x02\x06"
"\x68\xF6\x12\x6E\x79\x3A\xC0\xD1\x32\x55\xC4\xFA\x34\x09\x9E\xD4\x20\xEA\x0E\xFC\x55\xA2\xC1\xC6\xD0"
"\x02\xF8\x03\x4E\x07\x38\x0C\x1A\xFF\xE7\xEA\xEA\x80\x19\x9A\x3A\x7B\x56\xB4\xE1\xE4\x8A\xC1\xCE\xDF"
"\xC6\x70\xC5\xD3\x01\xC2\xBF\xEA\xA1\x2D\x03\x12\x70\x26\x03\x66\x68\xCB\xEC\x69\x62\x65\x20\x58\x4E"
"\x07\x0E\x2E\x74\x40\x0F\xBF\x41\x93\x16\xA6\xF6\x27\x78\x61\x68\xC8\x9A\xFA\x0D\x42\xAC\x75\xF6\x68"
"\xB8\xD3\x01\x2B\x38\x53\x83\x9D\xE0\x9F\x19\x6E\xCC\x99\x7D\xDB\x01\x74\x83\x70\x19\x85\x92\x85\x33"
"\x86\xAE\x0B\xFF\x70\x44\x09\xAB\xE0\xD7\x73\xD9\x44\x35\x4B\x71\xD0\x88\x17\x7E\xF1\x70\xF2\x50\x8B"
"\xFD\x39\xF3\xA7\x0B\xD5\x0B\xA5\xEA\xC0\xDF\xEF\xC6\xCB\xE7\x67\xED\x98\xD9\x08\xE0\xF6\xF4\xD9\xEC"
"\x2C\x14\x1E\x8A\x07\x4A\x67\xE4\x10\xBC\xD7\xC3\xD6\x86\xCB\x0D\xD7\x67\xB4\xCF\xD5\x31\x13\xDC\x4F"
"\x54\x0F\xB7\x31\xB8\x89\x78\x03\x34\x02\xDD\x4C\x15\x32\x0A\x7E\xF1\xF0\x19\x90\xF5\x1D\xC7\x07\x7C"
"\xFA\x50\xBE\x50\xF5\xA0\x0A\x50\xEF\x64\x29\xCB\x50\xDF\xD3\xAC\x03\xB7\x17\x9A\x00\x63\x0E\x69\x78"
"\xAD\xEE\x5C\x3C\x8C\x39\x64\xE1\xB3\x66\x5E\xB0\xD1\xD5\x31\x43\x17\xE0\xCA\xC2\x15\xC1\x98\xC3\x2E"
"\x74\x6D\xB8\x65\x38\xB3\x37\xDB\x0B\x86\x9F\x51\xA8\x46\xA1\x6E\x95\xB3\x13\xC2\x7D\x10\xC6\x1C\x92"
"\x55\x0A\x42\xBB\x0D\xC2\x98\x43\xD5\x85\x6B\xA3\xF8\x40\x18\x73\x48\x43\x99\xA1\x9B\xFF\x23\xD4\x5D"
"\xF8\x69\x14\x1F\x04\xBF\x47\xA1\x6E\x40\x8B\xE0\xCE\x17\x1F\x04\x43\x0E\xFB\x30\xE4\x70\x18\x92\xE5"
"\xCC\xEE\x00\x9E\x2B\x5F\x7C\x10\xBC\x96\x41\xE8\x1A\xD0\x20\x38\xF3\xE5\x0C\xC3\x0F\x5F\x7C\x30\x54"
"\xA3\x50\x37\xA0\x43\x70\x67\xCB\x99\x46\xD0\xE7\x90\x2C\x3E\x00\x2E\x71\x8A\x74\xA0\x59\x52\x0E\x29"
"\xF8\x57\x82\x6A\x4E\x39\xA4\x8A\xCF\x77\x82\xC7\x1C\xAB\xE5\x00\x0C\x39\xA4\xE0\x9F\x19\x4E\x29\x87"
"\x54\x95\xFA\xC2\xF0\xC3\xC0\xB5\x84\xDF\x0C\x94\xB1\x51\x4F\xAF\xA7\x94\xEC\x83\x28\x52\x00\x8A\xE7"
"\xBA\xB8\x93\x35\x65\xC3\xF0\x7E\x8C\xF5\x39\x54\x75\x45\x89\x03\xF7\xFE\xF6\x1E\x20\x4B\xC2\x0D\x41"
"\xFD\x34\xC5\xE7\x50\xD5\xB7\x3D\xA1\xC8\x26\xE8\x73\xA8\xEB\xBB\x6B\x0C\xA7\xB0\x0E\x75\x7D\x1F\xE5"
"\xDB\x14\xDA\xC8\xC0\x15\x54\x1B\xE1\xE7\xFF\x14\x72\x68\xEA\x87\xE3\x70\x2F\x28\x7C\x07\xA6\x70\xF3"
"\x63\xEA\x47\xD4\x50\x11\x85\xCF\xC6\x14\x72\x68\xEA\xA7\x6D\x95\x60\x68\xB6\x2A\xE1\x82\xAA\xB6\xF0"
"\xEB\x64\x0A\xEB\xD0\xD6\x1B\x07\x33\x8A\x38\x87\xDE\xD9\xEA\xF1\x3D\x5E\x82\x02\xDC\x6A\x28\x51\x41"
"\x0C\x70\x8A\xB5\xD4\x56\xFB\x01\xF1\x7A\xEA\xE1\x1A\xBF\x7A\xD6\xFB\x01\x12\x0E\xCF\x63\x2E\x04\xF3"
"\xC3\xF1\x5E\xC1\x05\xC2\xB4\x4B\x73\xB8\x12\xBE\xE3\x70\x96\x0F\xC7\xD7\x94\xA1\xFA\xC5\x8F\xED\x07"
"\x14\x9F\x15\x6D\x00\x46\xF8\x9B\x87\xF0\xC9\x33\xED\x8C\xE8\x25\xC3\x7F\x9C\x87\x2A\xC3\xBC\xBB\xA7"
"\xB6\x0C\xEF\x7F\xE6\x54\x4B\x8B\x1D\xAC\x2B\xFD\x08\x60\xDE\x5B\xC9\xBB\x7B\x26\x6F\x9B\x00\x28\x23"
"\xDC\xF3\x26\xDB\x8C\xA0\xFF\x68\xE3\xD6\xD3\x02\xB6\x28\x37\x02\xBE\x39\x3C\xE0\x76\xE1\xF3\xAC\x45"
"\xC0\x2B\x40\xB8\x63\x95\xB7\x90\xFC\x9D\xFD\x92\x66\xDE\x01\x03\x9A\x7C\xE6\x00\x65\x9A\xCB\x07\x0C"
"\x78\x80\x6E\xBD\xF0\x6F\xFF\xF3\xD7\xDB\xAA\x1C\xC4\x82\x6E\x39\xF0\x9D\x37\x87\x0A\x6C\x6C\x29\xD0"
"\x0A\x04\x55\xDE\x68\xF5\x63\x33\x3B\x1A\x3E\x39\xFC\x01\x3E\x82\x56\xDC\x10\x44\x37\x12\xEF\x07\xA3"
"\x3D\x6C\x08\x2D\x8C\x70\x07\x5C\x39\x78\xC2\xDF\x5C\xC5\x96\x33\x84\x17\x18\x8D\x7B\xB0\x17\x0C\xE1"
"\xE9\x50\x2F\x61\x37\x4B\x08\x5A\x6F\xD1\xD8\x94\xF0\x80\x01\x65\x03\xAA\x3D\x07\x2C\x5F\x18\xA0\x31"
"\xD0\x32\x07\xDC\x5A\xD0\xAC\x6C\x40\x0C\xED\xC2\x06\xC4\xF0\x9C\xD8\x80\x0E\x0D\xEB\x25\xE2\x84\xDD"
"\xDA\xD0\x1D\x32\x54\x7C\xD7\x81\xDA\x3F\xD9\x15\xD9\x73\x79\xED\xA7\xDE\x4C\xFE\x32\xE7\x7A\xF0\xBC"
"\xF3\x71\x91\x01\xCB\x94\xDE\xC1\x0E\x32\xA0\x2E\xA0\xC2\x25\x05\x46\x98\x8A\x33\x08\x32\xE0\x59\xBD"
"\xDC\x21\x5F\x0B\x85\x6B\x7F\x11\x92\x72\x4F\xC3\x27\x37\x70\x9C\x4C\x8B\xA8\x33\x8F\x41\x31\x08\xCF"
"\xA2\x60\xB7\xCF\x3C\x02\xC5\x20\xB4\xA3\x50\x17\xAF\x8C\xB8\xE3\x12\x83\xD0\x8E\x42\x55\x5E\xEB\x3B"
"\x67\xEE\x42\x3D\x0A\x0F\xFE\xAD\x24\xD9\x95\x2E\x3C\x06\xE1\x25\x06\xA1\xA1\xDE\xFA\xF1\xF3\xA1\x0F"
"\xCD\x28\x54\xD4\x4B\xB5\x76\x57\xDA\x50\xB7\xDF\x17\x33\xAF\xA2\xA6\xB1\xAE\x34\xA1\x18\x84\xB6\xFD"
"\x82\x97\x7F\x65\x3D\x1A\x90\x5D\x86\x6A\x10\x9E\x62\x10\x6A\xFE\x5D\x70\x27\x20\x03\x8F\x41\x48\x04"
"\xA4\x97\xE1\x31\x08\xA9\x80\x24\x3C\xC6\xFE\xDC\x80\x0E\x48\x41\x45\xC2\xA5\x9F\x65\x0E\x1E\x83\xD0"
"\x30\x7F\x3B\x31\x0F\xFE\x8D\x45\x05\x15\x07\xA7\xA1\x9E\xD4\xF0\x60\xA1\x18\x3B\x71\x31\x7D\x6C\xC3"
"\xC1\x64\x5F\x2D\x07\x73\xA8\x9A\x70\x6A\xAC\x13\x7A\x79\xF5\x1C\xFB\xA2\x92\xE9\xCE\x21\x06\x0E\xD9"
"\xE9\xEF\xCF\xE3\xE7\xF1\x7F\x3F\xFE\x05\x7E\x99\x7B\xC2\xC6\xF6\xC1\xAF\x00\x00\x00\x00\x49\x45\x4E"
"\x44\xAE\x42\x60\x82"
}
};

static const binfile_t background_gw = {"background_gw.png", 1153, {
"\x89\x50\x4E\x47\x0D\x0A\x1A\x0A\x00\x00\x00\x0D\x49\x48\x44\x52\x00\x00\x01\x40\x00\x00\x00\xF0\x01"
"\x03\x00\x00\x00\x4B\xE3\x2F\x28\x00\x00\x00\x01\x73\x52\x47\x42\x00\xAE\xCE\x1C\xE9\x00\x00\x00\x04"
"\x67\x41\x4D\x41\x00\x00\xB1\x8F\x0B\xFC\x61\x05\x00\x00\x00\x06\x50\x4C\x54\x45\xDE\x7B\x29\xD6\x4A"
"\x00\x5D\xF9\x1B\xF7\x00\x00\x04\x19\x49\x44\x41\x54\x68\xDE\xED\xD9\x4B\x6E\xA4\x30\x10\x06\x60\x23"
"\x16\x2C\x39\x42\x1F\x85\xA3\xE1\xA3\x59\x9A\xC5\x5C\xC3\x73\x03\x4B\xB3\xF1\xC2\x2A\x4F\x13\xDA\x8D"
"\x5D\xFE\x0B\x6A\x12\xA4\xD1\x48\x61\xD3\x09\xF9\x42\xFB\xED\x2A\x63\x8C\x59\x93\xD9\xAE\x5C\x2E\x32"
"\xF8\x1A\x73\xB6\xFB\x47\xB9\x2C\x86\x73\xCE\xFE\xF9\x31\x1D\xD0\x61\xF8\xC8\x39\xEE\x1F\xE5\x0A\x18"
"\xAE\x7B\xA9\x96\x03\x46\x0C\xB7\x3F\xED\xBE\x5C\x09\xBA\x61\x2F\xFE\x90\xAB\x4B\xAA\xF4\x56\xFC\xB1"
"\x86\xB0\xDA\xD3\x5E\xFC\xA9\x86\x4E\x68\x9D\xAD\xF8\x73\x0D\xBD\x08\x53\xDD\x3A\x42\xFB\x3C\xF6\x5E"
"\x5B\x6A\x08\xDB\x67\x17\x76\x55\x42\x57\x3B\xDC\x90\xFB\xA3\x7E\x35\x90\x64\xF8\xBB\x81\x59\xEA\xC1"
"\xEE\xB2\xB7\x43\xA7\x85\xFE\x76\x18\xB4\x30\xDE\x0E\xD3\xED\x90\x6E\x87\xF9\x7E\x68\x6F\x87\xEE\xDF"
"\x41\x7F\x3B\x0C\xD2\x74\xBD\x13\x2E\x5F\x83\x51\x58\xF6\x34\x70\xD6\xC2\x49\x0B\x47\xED\xA4\x19\xEE"
"\x9F\x86\xAB\x16\x2E\x5A\xF8\xD0\xCE\xD7\x49\x0B\x47\x2D\x34\x6A\xB8\x68\xE1\xAC\x85\xA3\x16\xA2\x26"
"\xC7\x70\xD2\x42\xF4\x48\xA3\x7C\x24\x19\xA3\xAB\xCE\xFF\x0D\x69\x02\x70\xA1\x1E\xB2\x2E\xA7\x57\xAB"
"\x79\x0E\x03\x9B\x8E\x54\x85\xA0\x0D\xB4\xBC\x7F\x5E\x03\x95\x7D\xF7\x98\xF8\xE4\xA1\x52\xC5\x76\x1F"
"\x19\x3C\x1F\x97\x54\x3A\xD6\x5F\xF4\x38\x95\x6F\x08\x17\xAD\xF9\x0E\x8F\xA3\x39\x5F\x85\xA8\x54\xEE"
"\x6A\x3A\xD2\xFB\xD7\x6B\x38\xC8\xD1\xD7\xDA\xC0\x51\x8E\xBE\x5A\x38\xC9\x41\xD5\xD2\xAC\x66\xF3\x5F"
"\xC2\x70\x09\x1F\x72\x50\xD5\xC2\x45\x86\x0F\x04\x2F\xD6\xDE\xF8\x6E\x03\x35\xA4\x4B\x98\xEF\x85\xE1"
"\x18\x4B\xE5\xAF\x0E\x36\x0F\x80\x51\x0B\x09\x42\x7F\x8C\xF7\x32\xCE\xAA\x01\x77\x01\x3D\x1A\x66\x08"
"\x7E\x0C\x8F\xC0\x46\xB8\x03\x30\x7E\xCC\x2B\x7B\x0D\xF7\x45\x21\xB5\xB3\x10\xC1\xBC\x4F\x69\xD7\x2C"
"\x00\x16\x41\xBB\x2F\x90\xCD\x9E\x08\xA1\x03\x4B\xAE\x41\xD0\x83\x50\x45\x0B\x09\xC2\xA0\x85\xB1\x8F"
"\x02\x12\x84\xA9\xDF\x36\xE3\xD7\x20\xF5\x71\x45\xD0\x42\x0F\x61\xEE\xC3\x29\x19\xCE\x5D\x06\x30\xF2"
"\xA9\xB0\xFF\x38\x75\x59\xCA\x00\xA0\xED\x3A\xDB\x88\x70\x10\x21\xB5\xD0\xF4\x9B\x30\x80\x8E\xC3\x54"
"\xC1\xC4\x60\x7F\xFC\xB0\x62\xB8\x74\x99\x02\x8F\xC8\x5F\xF0\xC1\xD3\x9E\x41\x80\x33\xCF\xB8\x06\x9E"
"\x87\xBC\x1E\x30\xF2\xED\x7F\x14\x20\xDF\x5A\xDF\x5F\xE1\x19\x34\xBC\x75\x1E\x3C\xF1\x2B\x4F\x5F\x59"
"\xEB\x2C\x3C\x39\x2D\x70\x61\xB9\xDE\xCA\x03\xC9\xF2\x55\x33\x4B\x33\xBB\xB5\xBE\x3C\x7E\xC2\x95\x4E"
"\x0D\x6C\xAB\x4D\x75\xC8\x12\x1B\x98\x9A\xDA\xC4\xBA\x24\xA1\x0D\x24\x6C\x5D\x1B\x5F\xD7\xCD\xB5\x30"
"\xD4\xB5\xB1\xF5\xF3\x6D\x0B\xA9\x2A\x64\x32\x68\x7C\x97\x66\xA8\x86\x64\xA8\x8B\x18\x39\x4C\xA6\x0D"
"\x22\xFA\x22\x9A\xA3\x06\xC3\xF1\x90\xBD\x15\xCB\x31\x6B\x03\xDF\xE1\xDD\xB1\xE4\x11\x8E\xB3\xA8\x5B"
"\xD3\x92\x10\x90\x25\xBE\xB0\x04\x29\x72\x8B\x6C\xA9\xF2\x72\x6A\xB6\x9C\x9D\x55\x64\xF1\xB2\x5A\x68"
"\x94\x90\xB4\x30\x6A\x61\xD0\x42\xAF\x85\xB6\x83\x3F\x75\xE7\x57\xDB\x20\x51\xE5\xEC\xCF\x3B\xB3\xEA"
"\xA4\xE2\x79\x67\x50\x1D\xBB\x6C\xB5\x5B\x34\xA7\x52\x30\xA4\x60\x75\x19\xB7\xA7\x65\xDC\x46\xA9\x0D"
"\xA7\x9F\xFD\x99\x70\xD2\xEE\x59\xFE\xE2\x8C\xC7\xCD\xCE\x53\xA7\x20\x24\xCE\x9E\x87\xB4\x09\x1F\x2D"
"\x84\x3E\xE2\x87\xA7\x39\x68\x6C\xC3\xD4\xCC\x81\x5C\x0C\x1E\x57\x38\x90\xDD\xC1\xE4\xC3\x83\x7C\x11"
"\x0E\x4D\x0F\x4E\x46\x60\x3E\x13\x40\xC0\x0F\x61\x04\xF9\x10\xCC\xE2\x22\x48\xEE\x20\x4C\x60\x56\x5D"
"\xC3\xE1\x04\x12\x48\x92\x71\xA6\x09\xD2\xEE\x6B\x38\x9F\x41\xDB\xE7\x4D\x9F\x82\x78\x54\x2C\x5A\xB8"
"\x9E\x41\xAF\x85\xA1\xBF\x7B\x09\x87\x53\x18\x3F\x01\xC7\x53\x98\xFA\x83\x93\xFB\xE0\x7C\x0A\xE9\x13"
"\xF0\x71\x0A\xF3\x71\x20\x75\x01\x8F\x56\x5A\x34\x70\x1B\x1C\x3A\x98\x40\x1C\x89\x77\x3B\xAB\x85\xC1"
"\x64\x1D\xA4\x41\x09\xF3\x0F\x2D\xCC\xDF\xF0\x1B\xAA\xA2\x49\x35\x5C\x4F\x60\xD2\xC2\x28\x43\x37\xEB"
"\x60\x68\x63\x9C\x20\x42\x76\x86\xE7\x25\x18\x59\xE4\xE2\xA4\xF7\x2F\x8E\xFD\xAB\x08\xF9\xF9\xA1\x95"
"\x0F\x53\xDB\x90\x4D\x3A\x75\x8D\x3C\x10\x93\x0E\x2A\x3D\xAB\x1F\x49\xD0\xB2\x2F\x49\x02\x24\xBE\xD4"
"\x27\xE1\xAD\x13\xF1\x5D\x26\x0A\x30\xF1\x0D\x2E\x08\xAF\x01\x12\xDF\x32\xBD\x00\x23\x48\x44\xE1\xFB"
"\x82\xC0\xFB\xDF\x09\x4F\xF4\xBC\x13\xAC\x00\x1D\x6F\x32\x2B\xD4\xDA\x9E\xC5\x51\x35\xE4\xF7\x48\x38"
"\x94\x26\x5E\x9C\x24\xC0\xC4\x5B\x22\x09\x87\xFB\x5D\xEC\x11\x05\xD8\x85\x3D\x41\x80\x8E\xAF\x33\x5E"
"\x78\xF7\x61\xF9\x4D\x01\xF6\x0B\x92\x90\x93\xC7\xAE\x3C\x42\x4E\xDE\xA5\x47\x59\x78\x87\x64\xBB\xEE"
"\xC2\x90\xBA\x91\xB2\xDD\xF9\x03\x3C\x14\xC5\x3E\x52\x2C\x0A\xEC\x00\x00\x00\x00\x49\x45\x4E\x44\xAE"
"\x42\x60\x82"
}
};

static const binfile_t background_lnx = {"background_lnx.png", 1125, {
"\x89\x50\x4E\x47\x0D\x0A\x1A\x0A\x00\x00\x00\x0D\x49\x48\x44\x52\x00\x00\x01\x40\x00\x00\x00\xF0\x01"
"\x03\x00\x00\x00\x4B\xE3\x2F\x28\x00\x00\x00\x01\x73\x52\x47\x42\x00\xAE\xCE\x1C\xE9\x00\x00\x00\x04"
"\x67\x41\x4D\x41\x00\x00\xB1\x8F\x0B\xFC\x61\x05\x00\x00\x00\x06\x50\x4C\x54\x45\xE7\x7F\x1C\xD4\x53"
"\x00\xD4\x7D\x9E\xB7\x00\x00\x03\xFD\x49\x44\x41\x54\x68\xDE\xED\xDA\x3B\x92\xDC\x20\x10\x06\x60\x54"
"\x13\x28\xD4\x11\x74\x13\x73\xB3\x85\x1B\xF8\x48\x26\xDB\x6B\x90\x39\x55\xA8\x80\x12\x96\x40\x3B\x83"
"\xA0\xE9\xFE\xA7\xC6\x2E\x8F\xAB\xBC\x91\xED\xFD\xAA\x91\xA0\x69\x1E\xB2\x52\xFF\x7F\xAA\x9F\x18\x31"
"\x37\xC5\xB8\x82\x01\xE3\x86\xB8\x71\x87\xD1\x01\x50\x1F\x70\x91\xDD\x70\xB8\x18\xA0\x57\xC1\x1E\x32"
"\xB5\x1C\xA3\xC5\x5A\x06\xDE\x66\x3A\xA1\x97\xA0\x39\xA1\xF4\xDA\xB7\xD3\x89\x63\x33\xE7\xCE\x19\xC4"
"\xFE\x31\x67\xBB\x7A\x83\x5A\x76\x7B\x64\xA4\xE5\xBD\x13\x27\xA1\x23\xCF\x37\x39\x42\x3B\xA0\xE5\xED"
"\xF8\x93\x07\x5A\x0E\xC7\x00\x79\xA0\xE5\xA3\x6B\xD8\x1E\x1F\x8B\xCE\x66\x7B\x5C\x17\xD0\x04\xB9\xE5"
"\xD4\xAA\xD9\xE4\x96\x33\x8C\x72\xCB\x12\x3C\x53\x76\x1B\x4E\x68\x85\x94\x5D\x94\x59\x52\x78\x2B\xB4"
"\xBC\x27\x44\x86\x4E\x98\x2C\x7B\x42\x64\xE8\x85\xC9\xB2\xBF\x7D\x7E\xC6\x85\x6F\xF9\x48\x08\x1E\x9A"
"\x47\x42\xA4\x91\xE9\x8D\xE1\x50\x24\x44\x1A\xEB\xDE\xAC\x99\x8B\x71\x0E\x1C\x8C\x57\x38\xF4\xCA\xCF"
"\x54\x0E\xDF\x47\xCE\x75\x36\x60\x1E\xBE\x9C\x20\x6C\xC0\x0C\x6D\x82\x96\x0B\x98\xA0\x76\xE9\xDD\x2C"
"\x17\x30\xC3\x25\x75\xBF\xE3\x02\x66\x18\x06\xBA\xF2\x8D\x15\x34\xBD\x12\x69\x68\xB8\x70\x01\x59\x58"
"\x06\xCC\x53\x95\xAE\xA5\x97\x80\x79\xF2\xD3\x50\x5F\x60\xB8\x56\x16\xAA\x6A\x17\x05\x8A\x84\xD7\x80"
"\xB9\xE4\x45\x62\xF5\xAA\x02\xE6\x22\x4A\x41\x5D\x43\xFB\x78\x3B\x36\x60\x74\xF7\x64\x8F\x6C\xC0\x7D"
"\xE0\xF4\x23\x78\x33\xA5\x2E\x1D\x19\x09\x38\xB7\x30\x7E\x2F\x9E\x82\x09\x78\x7D\x5C\x2E\xE0\xE5\x71"
"\xB1\x80\x0F\x38\xA1\x50\x70\xF7\x84\x2C\x03\xFE\xE0\x60\x99\x33\xE4\x53\xAC\x6D\xC2\x7A\x0E\x9A\x32"
"\xB7\x48\x18\x88\x39\xCA\xC0\x4B\xC0\x6A\xE2\x94\xF0\x76\x7D\x3B\x12\x6E\x75\x7E\x29\x0E\x56\x2F\x07"
"\x41\x3A\xD3\xBF\x7E\x53\xF5\x3F\x02\x2D\x08\x03\x93\x71\xB6\x84\x16\x84\xAB\x02\xA1\xE3\xA0\x7B\xC0"
"\x8D\x4D\xE2\x02\x3A\x14\x2A\x16\xFA\xFB\x2F\x3C\x0A\xEB\x42\xBE\xCD\x34\xF4\xCD\xE6\x76\x6A\x66\x57"
"\x5D\x85\x4C\xEE\x83\x91\x84\x4B\x7B\x38\xA1\x23\xDA\x1A\x3A\x1A\x2E\x4D\x45\xB5\x15\x3C\x17\x1D\x47"
"\x40\x4D\xC0\xB5\xDD\xA5\xD8\x21\x12\xD0\x11\x70\x26\x60\x20\xF6\x3D\x8E\x98\xD8\xF5\xB2\x3D\xF7\x2A"
"\x40\xE8\x6F\x2B\xAE\xD0\xA1\x50\x21\x70\x7B\x05\x8E\x6F\x06\x23\x77\x20\x7C\x63\x38\xBC\x06\xED\x0B"
"\x50\x3D\x09\x57\x0D\xC2\x2A\xD3\x6D\xEF\xF4\xB1\x56\xE9\xD6\x85\x0E\x8D\x68\x2B\xE8\x7A\xB0\xDE\xAC"
"\x31\xD0\x88\x30\x85\xAA\xA7\x4E\x17\xDA\x08\xC2\x4F\x00\xCE\xFC\x7E\xEF\x2D\xE0\xC4\x6E\x0C\xDF\x03"
"\x8E\x7F\x0F\xDE\xFE\x01\x38\x3C\x09\x57\x03\x42\xAB\x31\x18\x94\x08\x55\x24\x4A\x45\x1F\x2A\x34\x22"
"\x02\x4D\x5E\xAA\x22\x08\x47\x71\xCE\x9C\xC5\xC7\x80\x70\x94\x67\x61\x73\x3A\xF5\x1A\x83\xE9\x30\x84"
"\xC0\x70\xE4\x13\x02\x97\x63\x50\x9D\x12\x6A\xCA\x67\xEA\x42\x23\xC2\x90\x8D\x0C\xD7\xFD\x2F\xAE\x7B"
"\x6D\x37\x97\x23\x97\xAE\x67\x67\x1A\x4E\xD7\x0B\x03\x10\x0E\x31\xFD\x8B\x00\x37\x85\x43\xB5\xF5\xE1"
"\x78\xD9\x0D\x7E\x3C\x03\xC7\xA8\x7E\x13\x3C\x36\xCB\xDF\xFA\xF0\xF6\x07\x61\xBA\x64\x4B\x6F\xCD\xDE"
"\x69\x3E\x01\xD7\x2F\xB8\x21\xF0\x48\x8A\x8D\xBF\xFD\xBC\x43\x0D\x41\x07\xC0\x63\x64\x8C\xEF\xDF\xB2"
"\x37\x50\xBA\xA1\x4D\x69\xB6\xB7\xDF\xFD\x52\x62\x2E\x30\xEC\x03\x23\xC1\x98\xFA\x6A\xEF\xEF\x55\x82"
"\xF6\x18\xCF\xA5\x7B\x2F\xAD\x8B\x6A\x37\x72\x9F\x7D\xF4\x65\x5E\x33\x1F\x92\x74\xD1\xE3\x1A\x83\x9B"
"\x62\xBF\x61\xCD\xD0\x9A\x49\x42\x87\x42\xFB\x22\x9C\x90\xC3\x07\x09\x53\x3A\x5A\x00\x86\x0E\x9C\xC9"
"\x9B\x38\x0B\xEC\x3E\x16\x1A\x76\xFA\xDB\x01\x27\x1F\x47\xC2\xA9\x73\x3E\x72\x72\xC0\x3C\x59\x9D\xBC"
"\x2B\xCC\x33\xC6\x73\xF7\xF1\xE5\xCD\xA7\x97\xB7\x99\x8E\x82\xA6\x7B\xCC\x5C\xC4\x3D\x61\xA0\xA0\xEE"
"\x1F\x1E\x17\x29\xE0\x17\x58\x84\x80\xF7\x29\xBD\x0A\x9B\x51\x45\xC1\x99\x3B\x9F\xAC\xC2\x7D\x3C\x05"
"\x67\xF6\x7E\x22\x88\xF9\xD5\xC0\x89\x2F\x10\xA1\x1F\xF0\x5A\x67\x03\x3F\x49\x1F\x3F\x5B\x37\x1D\x3C"
"\x0D\xC7\xDE\xD0\xD5\xD0\x48\x37\x37\xB1\x93\x0E\xAE\x03\xAB\x74\xF0\x6D\x79\x8F\x64\x40\x6A\x3D\xA3"
"\x02\x52\xCB\x45\x4A\xE0\x01\xB9\x11\xB1\x6D\x3A\x90\x4B\xDF\x01\x91\x80\x2A\x6F\x24\xE5\x80\xEA\xE8"
"\x30\xA8\xB4\x37\x37\xAC\xBD\xFF\xE6\xB1\x43\x6C\xF5\x69\x3E\xA0\xF4\xBE\xD2\x47\x6F\xA0\x80\x2A\xFE"
"\xC4\x02\x2A\x70\x7D\x6C\xE0\xA6\x40\xE8\x50\xA8\x40\xE8\x51\xA8\x40\xB8\xA0\xD0\x82\x70\x51\x20\xB4"
"\x20\x64\x03\xFE\x02\xBF\x54\xC2\xEC\x4A\x2D\x9C\xB4\x00\x00\x00\x00\x49\x45\x4E\x44\xAE\x42\x60\x82"
}
};

static const binfile_t background_md = {"background_md.png", 1119, {
"\x89\x50\x4E\x47\x0D\x0A\x1A\x0A\x00\x00\x00\x0D\x49\x48\x44\x52\x00\x00\x01\x40\x00\x00\x00\xF0\x01"
"\x03\x00\x00\x00\x4B\xE3\x2F\x28\x00\x00\x00\x01\x73\x52\x47\x42\x00\xAE\xCE\x1C\xE9\x00\x00\x00\x04"
"\x67\x41\x4D\x41\x00\x00\xB1\x8F\x0B\xFC\x61\x05\x00\x00\x00\x06\x50\x4C\x54\x45\x27\xAE\x60\x2E\xCC"
"\x71\x39\x61\xE8\xB7\x00\x00\x03\xF7\x49\x44\x41\x54\x68\xDE\xE5\xDA\x4D\x92\x9C\x3A\x0C\x00\x60\xB9"
"\x58\x78\xE9\x1B\x84\x6B\x64\x15\xAE\x95\x1D\xDC\x24\x57\xF1\x51\x48\xE5\x02\x2C\x59\x50\xF8\xB5\x6D"
"\x7E\x64\x90\x25\x75\x8A\x54\xA7\xF2\x58\x4C\xD5\x74\x7F\x33\x96\x64\x03\x36\x06\x42\xFD\x58\x00\xFD"
"\x02\x1C\x34\x1F\x83\xB3\x1A\x36\xFF\x47\x38\xA9\xA1\xFD\x87\xE0\xA8\x86\xEE\xEF\x87\x5E\x0D\xDB\x8F"
"\xC1\x41\x0D\x3B\x01\xFE\x50\xC1\x19\x5E\x87\x93\xA1\x87\x74\xA4\x93\x00\x18\x38\x01\x9C\x12\xFA\x2A"
"\x5C\xE0\x38\x1C\x0B\x87\x13\xBE\xDA\xAD\xC3\x19\x39\x30\x6B\x1D\xE2\x7F\x08\xF0\xA5\xF8\x0E\xE8\x08"
"\xF3\x51\x83\x5E\x09\x57\x50\xC2\xE9\x06\x2B\x83\xE2\xD6\x32\xD0\x17\xA9\x7B\xCB\x80\xFB\x10\xE8\x22"
"\x6E\x87\xA5\xA0\x27\x20\x50\x90\x72\x28\x1D\xA8\x56\xFB\x92\x0E\xD4\x8B\x53\xB6\x0D\x6C\x88\xA8\x6D"
"\x60\x43\x44\x79\x03\x53\xC5\xA2\x6D\x60\xAA\x58\xD4\x7C\x87\x23\x08\x6D\x03\x9F\xCB\x6B\xA0\x5F\x20"
"\x54\x8F\xBE\x80\x6B\x1D\xB6\x05\x9C\xEB\xD0\x16\x70\xAA\x43\x28\xA0\x67\x60\x87\xE1\xC0\x40\x87\x21"
"\xE3\xB6\x20\x41\x4A\x7A\x0F\x12\xA4\xA4\xF7\x4A\x82\x98\xF4\x56\x49\xE0\x7B\xFA\x0C\x12\xC4\xEA\x6C"
"\xDD\x0D\x62\x75\xB6\x20\x41\xAC\xCE\x56\x72\x90\xAB\x93\x4B\x0E\xF5\x53\xB5\x3C\x69\x41\x2E\x63\xCE"
"\x06\xE4\x32\xE6\x6C\x40\x2E\x63\xCE\x46\x07\xDD\x06\xBD\x04\xED\x06\x07\x90\xB3\x01\x45\xBD\xD3\x48"
"\x03\x45\xBD\xF3\xFD\x4E\x07\xDB\x04\x17\x19\xDA\x04\x67\x19\x36\x09\x4E\x32\x34\x5A\x08\x3D\x68\x3A"
"\x26\xA6\x0D\x9A\x8E\x89\x69\x6B\xA1\x05\x4D\x0F\xC6\xB4\xB5\xD0\x80\xAA\xAB\x73\x77\xAF\x8F\xC3\xE5"
"\x73\x70\x7E\x1C\x4E\x8F\xC3\xF1\x71\xE8\x3F\x07\x8F\xE1\xE8\x46\x25\xEC\x56\x2D\x64\xA3\x40\x03\xBC"
"\x67\x7B\xB3\x80\x8B\x16\x72\x41\xA2\x2F\x83\x1E\x86\x47\xE0\xF2\x36\x34\x6F\xC0\x55\x01\xCD\xA8\x84"
"\x76\x95\xE0\xBC\xDF\xEE\x7E\xF1\xA7\xF8\x09\x83\x0E\xB6\x4F\xC0\xEF\x09\x4E\x08\xD2\xC3\xCC\x2D\x3A"
"\x68\x72\x31\x76\xD8\x55\xA1\xCB\x1D\x26\x42\xB3\xDD\x0E\x0A\x48\xDD\x20\xDA\x1D\x8E\x18\xCE\xF4\x0C"
"\x0E\xC3\xBE\x32\x87\x75\xFB\xA7\x17\xE8\xE9\x59\xE6\x1D\x8E\x14\x5C\x31\xAC\xAD\xA8\xDA\x3D\x72\x0D"
"\x4C\xF1\xEC\x51\xD5\x16\x40\xED\xFE\x99\x02\x0E\x05\xEC\xAB\x4D\x6F\xC3\x5E\x82\x6E\x2F\xED\x0E\xBB"
"\x0A\xB4\xE3\x05\xB6\xC2\x22\xED\x80\x46\x84\x43\xB1\xBE\x51\xC0\x46\x58\x0C\x9C\x43\xF0\x73\xD0\x08"
"\xEB\x90\x3F\x08\x5F\xE5\x59\xB8\x4B\x6E\x01\x9D\x16\xC2\xA2\x80\x36\xC2\xAF\x0C\x44\x0B\x07\x76\x06"
"\xF4\x3E\x74\x7F\x02\x4E\xDA\x18\x1F\x86\x46\x98\x7C\xE1\x99\x82\x12\x5A\x7E\x4E\x85\x06\x56\x6D\x8C"
"\xD9\x29\xCD\xEC\xCF\x6F\x5D\x6D\x89\xB2\xA6\xB5\x82\xBC\x52\x88\x67\x92\x06\x36\xB1\x1C\x56\x01\x53"
"\x81\x35\x30\x0D\x02\x27\xC0\x6F\xF9\x3A\xB7\x48\xD0\xC4\xD2\x76\xF1\xFE\xD1\x82\xF0\x60\x66\xDE\x9E"
"\x29\x08\xB0\x8D\x73\x82\x7E\x83\x5E\x58\xFB\x27\x38\x08\x30\x5D\x3A\x82\x0C\x4D\xBA\xBC\x29\x60\x73"
"\x40\x2F\xC3\xD1\x28\x60\x7C\xD0\x33\xBD\x09\x1D\x70\xE3\xDF\x1D\x3B\x77\x7A\x68\x59\xD8\xBE\x03\xF3"
"\xEE\xA2\x6F\x64\x98\xEB\x68\x80\xBB\x3C\xFC\x06\x1C\xE0\x49\xD8\xE7\xA9\x14\x77\xF5\xCC\xB0\x7B\x03"
"\xAE\x0A\x38\xC7\x9F\x6B\xB9\xFA\xA0\xBB\x30\xFE\x5C\x54\x70\xBB\xAF\x48\x70\x8A\xC3\x77\x2A\x57\x48"
"\xF4\x78\x8C\x67\x8E\x17\x60\x93\xE7\x37\x7D\x00\x1D\xDC\x66\xF6\x41\x3A\x5D\x5F\x6B\x22\x09\x16\x8F"
"\x6E\xD8\xA7\x38\x3D\xFA\x37\x57\xD8\xE1\x1B\x58\x57\x2C\x06\x87\xEB\x73\xD3\x73\xD0\x3B\xD4\xC1\xE5"
"\xE4\xA9\x29\xE7\xF7\x0D\x3A\x51\x4A\xE8\x2E\x53\xE2\x6F\xB5\xE7\x14\x5D\xA8\x3E\x1F\x2F\x21\xB3\xAB"
"\x53\xDC\xA5\x1B\x66\xB7\xA6\x80\xE7\xFE\xE9\xC8\x3F\xEF\x69\xEB\xBB\x68\x25\xEC\x6A\xFB\x72\xD7\x67"
"\x52\x81\xD9\x1E\xC3\x4B\x60\xC3\xEF\xE0\xAD\x44\xD2\x44\xDB\xB8\x14\xB6\xD8\x6B\x66\xA0\xAB\x6E\x47"
"\x5E\xC6\x26\xDE\x3E\xBD\x9D\x22\x78\xEE\xDD\x07\x26\x48\x1C\x0D\xB9\x57\x4B\x40\x53\xD9\xAC\x3D\xE0"
"\x44\x55\xE7\x56\x49\x94\x9F\x2D\xE1\x7A\x83\x0B\x55\x9D\x5B\x36\xE8\x4F\xDB\xC0\x65\x83\x46\x69\x17"
"\xB8\x6C\x50\x1B\x3D\xB5\xE7\x5D\x40\x4F\x55\xE7\x9A\xCD\xD9\xFF\x37\x18\x6E\x70\xA2\xAA\x73\x4D\xFB"
"\x0C\xC6\xDD\xDF\x6A\xB8\xC2\x85\xAC\xCE\x25\xED\x33\xEA\x2E\x04\x2E\xED\x33\x6A\xEA\x6D\xA5\x2B\xF4"
"\x64\xD2\x65\x7D\x8E\xA8\x1B\xE2\x65\x84\x1B\x9C\xC9\xA4\xCB\xFA\x1C\x6D\xB4\x1A\x18\x3F\xE9\xA9\x57"
"\x2F\x6E\xD0\x93\x21\x12\x97\xCE\x85\x0C\x91\xBA\xC6\xFE\xA4\x5F\xB3\x01\xF2\x02\xF6\x0C\xFC\x0F\xD1"
"\xA3\x9F\x20\x46\x8D\xDE\xB8\x00\x00\x00\x00\x49\x45\x4E\x44\xAE\x42\x60\x82"
}
};

static const binfile_t background_msx = {"background_msx.png", 1438, {
"\x89\x50\x4E\x47\x0D\x0A\x1A\x0A\x00\x00\x00\x0D\x49\x48\x44\x52\x00\x00\x01\x40\x00\x00\x00\xF0\x01"
"\x03\x00\x00\x00\x4B\xE3\x2F\x28\x00\x00\x00\x01\x73\x52\x47\x42\x00\xAE\xCE\x1C\xE9\x00\x00\x00\x04"
"\x67\x41\x4D\x41\x00\x00\xB1\x8F\x0B\xFC\x61\x05\x00\x00\x00\x06\x50\x4C\x54\x45\x34\x98\xDB\x20\x77"
"\xB0\xB9\xFD\xB4\x60\x00\x00\x05\x36\x49\x44\x41\x54\x68\xDE\xB5\xDA\xCD\x91\xEC\x26\x10\x00\x60\x28"
"\x0E\xF8\x86\x8F\xBE\xE1\x10\x1C\x80\xAB\x48\xC5\x21\x38\x02\xA3\x9B\xD3\x52\x28\x0A\x41\x47\x1D\x28"
"\xC9\x7A\xA3\x01\xFA\x17\xE1\x72\x79\x0F\xFB\xE6\xED\x7C\xDB\x83\x50\x8B\x9F\x66\xCD\x75\xAD\xC6\x18"
"\x7B\xB5\x2F\xA3\x7C\x5D\xD7\x82\xE1\x3E\x0B\x2F\x15\x1A\x02\xB7\x59\x78\x2A\xF0\xA4\x50\x09\x29\xC0"
"\x22\xC3\xC2\xE0\xA7\xC3\x38\x3C\x38\x2C\xB3\x50\x0C\xF9\x74\xF0\x07\xA6\x06\x8F\x21\x3C\x5D\x0F\xB9"
"\x08\x70\x6B\xD0\xE4\x51\xC8\x0E\x8B\xF1\xA3\x90\x4F\xC3\xED\x13\x25\x0F\x52\x03\x41\x3F\x48\x8D\xE7"
"\x43\xEC\x37\xC8\x20\xDB\x9E\x5F\xAD\x30\xE8\xA9\xD1\xE1\x66\x50\x48\x9A\x1A\x27\x86\x59\x0D\xD9\xE1"
"\x8A\x21\xBD\x8F\x45\x85\x45\x83\x0B\x81\x24\xE4\xD1\xA0\xA1\xB0\xCC\x42\x1C\x72\xAF\xF0\xE4\x10\xA5"
"\xC6\x36\x80\x28\x35\x1A\x2C\x02\x84\x21\xD7\x11\xBC\x24\x78\x48\x10\xA4\xC6\x52\xE1\x2E\xC1\x6B\x1A"
"\xD2\x6C\xB3\x35\x5B\x28\x3C\x67\x21\xCD\x36\x5B\x6F\xC3\x03\x57\x35\xDB\x30\xDC\xE1\xC8\xB1\x51\xB8"
"\x74\x78\xFF\x1B\x95\xD4\x40\xF0\xC0\x83\xD1\x4A\xA0\x69\xF0\xF3\x4E\x92\x43\xDA\xDA\xE8\x5C\x53\xC1"
"\xC9\x21\x21\xFC\xBE\x92\xC7\x36\x5B\x3F\x20\xB7\x9F\xCB\x03\x11\x84\xB5\x3F\xC4\xB1\xCD\xD6\xFF\xE4"
"\xDE\x24\x31\x24\x84\x4B\x9F\x82\x78\x6A\xD8\xFA\x3A\x83\x7B\x26\x8D\x6D\x00\x16\x38\xAB\xB1\x90\xB6"
"\x5E\x42\x86\x2D\x0F\x3C\xA4\xAD\x97\x90\x51\xAA\xF2\xD4\x00\x10\x66\x4B\x64\xD9\x66\xEB\xB5\x66\x72"
"\xC3\xE8\x67\x2B\x10\x84\x6C\xB0\xDD\x0E\x34\x71\x38\x06\xCF\x06\x71\xEA\x27\x15\x92\x67\xC4\x51\x58"
"\x14\xD8\x42\x32\x48\xE7\x6A\x4F\xE0\xA1\xC1\x9A\x6D\x0C\xB2\x79\xD5\x63\x58\x6F\x5C\xE6\xB3\x65\x9E"
"\x85\x01\xC1\x96\xFF\x9B\xB4\x86\x02\x70\x1D\xC0\x30\x0B\x0D\x84\xF5\x0E\x67\x69\x25\x13\x67\xA1\x03"
"\xD0\xFC\x6B\x28\xAC\x78\xFA\x04\x08\x7B\xF7\x3F\x41\x23\x41\xF3\xFF\x40\xBF\xB2\xBC\xB8\xBF\xFF\xCC"
"\x61\x2A\x93\x90\x3C\xB4\x3F\x9E\x87\xFB\xFB\x6F\x12\x2C\x6F\xF0\xAF\xDA\xF8\x85\xC3\x3F\x19\xB4\x74"
"\x3D\x11\x07\x10\x85\x7C\xE0\x2E\xC3\x03\xA7\x2E\x78\x5C\x08\xBC\xA6\xE1\x4E\xA0\xDB\x59\xF7\x58\xBA"
"\x9E\xF0\x0A\x34\x74\xA6\xFE\x40\xAF\xC2\x13\xA6\xB8\x0C\x33\x09\xF9\x81\x41\x80\x89\x84\xFC\xC0\x28"
"\xC0\x48\x66\x6A\xAB\x41\x47\x26\xFF\x0F\x4C\x02\x6C\xE3\xEC\x0A\xB6\x70\x04\x2E\x68\x9C\x2D\x00\xB6"
"\x81\xEE\x57\xF8\x14\x66\x3C\x53\x23\xF8\x07\x84\x01\x4F\xFE\x3F\x66\x95\x4B\x84\x24\xE4\x0D\xDB\x4C"
"\xFD\x2C\x62\xDB\xD8\x13\xD0\x4C\x9D\x74\x68\xD0\xB4\x7A\x43\x57\xA1\x25\x30\xC2\x09\x46\x80\x1B\x9D"
"\xDC\xBE\xBF\x75\xF7\xD8\x17\x3A\x02\x0D\xBC\x9A\x78\x32\xB8\xD3\x59\xF0\x03\x43\xB9\xAF\xEE\xFB\x96"
"\xA7\x30\x42\x78\x74\x18\x36\x32\xC5\x79\x70\xBB\xEF\x37\xA3\x0A\x1D\x80\xF7\xF0\xD6\x60\xDC\xE8\xEC"
"\x0A\xD2\xDC\x2F\x77\x93\x55\x98\x3B\x74\x60\x45\x94\x36\xBA\x02\x48\xE8\xC1\xA1\xF0\xA2\x6B\x99\xBD"
"\x35\x64\x87\xB3\x20\x84\x41\x86\x75\x03\xB9\x90\xFE\x39\x34\xB8\x92\xFE\xA1\xD0\x56\xB8\x91\x95\x99"
"\x0A\x77\x02\x0B\x81\xAE\xC2\x83\xF4\xB8\x0A\x69\x8F\x9F\x04\xFA\x0A\x69\x8F\xAB\xF0\x7A\x81\xA1\xC1"
"\x85\xDC\x1A\x15\xAE\x63\x18\x1B\xDC\xE5\x35\x54\x7F\xC4\x37\xBC\xFB\x68\x70\xD1\x20\xDD\x03\x10\x98"
"\x7B\x55\x61\xC1\x70\x55\x21\x19\x03\x08\x04\x75\x8A\x32\x0B\xDB\x67\x3B\xF8\x2C\x5C\xAD\x84\xD4\xE1"
"\x81\xD2\x07\x43\x87\x4A\x24\x0B\x84\xFB\x00\x1E\x3A\xF4\xB8\xE8\x02\x13\x72\x08\x77\x00\x0F\x04\x03"
"\x29\xE3\xBC\xC2\x88\xB6\x4E\xF0\x59\xF8\xC2\x78\xF5\xBA\x58\x0F\x23\x44\x4C\x35\x48\x84\x93\x41\xE6"
"\x17\xD3\xA0\x63\x10\x77\x78\xDF\xDC\x26\x70\x35\x99\xA7\x59\x87\x0E\x0C\xDD\x99\x67\x38\xC8\xAE\x84"
"\xE1\xA9\x42\x8F\x21\x1E\x29\x2C\xCC\xD7\x7C\xC1\x9A\xD7\xA1\x43\x8F\xE0\x86\xA0\x43\x0B\xA7\x0C\x61"
"\x5F\x56\x14\x06\x03\x6C\xE3\xD2\x33\x69\x79\x3E\x6D\x43\xE3\x5D\x83\xE0\x67\xC7\x13\x63\x23\xCB\xC0"
"\x07\x16\xBC\xFB\x21\xD0\xF4\x5B\x78\x40\xB8\x7F\x52\x01\xED\xC0\x4B\x7D\x73\xC7\x5B\x34\x0A\x6D\xCB"
"\xC7\x0D\xC1\x2D\xC9\xD5\xED\x8B\x56\x2D\x4E\x1D\x0E\x0A\x07\x08\x9E\x53\xD0\xC2\xAA\xD0\x0B\x3C\x66"
"\xE1\x36\x05\x1D\x1C\xF9\x5F\xE0\x32\x0B\xCD\x14\xF4\x72\x4D\x47\x82\x87\x50\xDA\x10\xCA\xEF\x01\xEE"
"\x40\x46\xB5\xF2\x80\x3E\x65\x50\x7E\x8F\x68\x3F\x35\x08\x19\x2F\xA9\xB4\x21\x5C\x4E\x3A\x85\x3A\x84"
"\x54\x10\xA5\x3B\x53\xB5\x87\x68\xBD\x44\x0D\xC9\xDA\xA2\x84\xB4\xEC\x54\x25\x6A\xD5\xCB\x45\x28\x06"
"\x08\xD5\x4B\x77\x89\xA5\x0D\x1E\xD2\x17\xB1\xBE\xC0\xAB\x97\xA1\x5E\xF4\x4F\x2F\xA9\xD1\x76\x63\xBF"
"\x48\x85\x34\x10\x32\xD5\x3E\xF8\xDD\x8C\x43\xB6\x4D\x50\x31\xC3\x90\x96\xD5\xCA\x94\x6C\x73\x27\x7D"
"\xA1\x64\x5B\xEB\x1D\x7F\x9A\x61\xC8\x58\x5B\x1B\x5F\xB2\x2D\xF5\xA9\x6C\x98\x1A\x3D\x25\x68\xA9\x91"
"\x84\x74\x60\xE2\x58\xB4\x90\x2B\x6C\x99\x63\x10\xA7\x46\xCB\x62\xCF\x20\xCA\xB6\xD0\x6E\x51\xB8\x06"
"\x09\x7C\xB9\xDE\xF1\x91\x43\x2B\x1E\x3D\x24\xE1\xA0\x31\x49\xA7\x38\xD2\xF8\xE5\x84\x83\x14\x2B\x0E"
"\x74\x89\x1F\x8F\x38\xF1\x50\xD0\xF3\xC3\x2B\x2F\x1F\x2C\xF3\x8A\x7E\x94\x21\xCF\xB6\xA4\x9C\x9A\xB2"
"\x6C\xCB\x0A\x64\xD9\xA6\x1F\xED\xE2\x1E\x77\x2A\x0C\xF8\xBA\xFD\xE0\xFC\x19\x85\x0C\xFA\xD9\x37\xCE"
"\xB6\xA8\x43\x3C\xB6\xA5\xC1\x01\x7D\x84\x9D\x3E\x3A\xC9\x87\xA3\x86\x1D\x1E\xF9\x83\x81\xC8\xA9\xC7"
"\xD4\x24\xE4\xDF\x43\xC8\x0F\xDA\x34\xE8\x29\x5C\xCD\x64\x48\x15\xFA\xF1\x19\x9F\x1E\x52\x87\x61\x16"
"\x9A\xF1\x89\xA5\x1A\x72\x00\xED\x2C\x84\x03\x91\xFC\xD0\x88\x21\x47\x10\x85\x2C\x23\xE8\x66\x21\x1C"
"\x88\xC6\xD0\xBD\xFE\x65\x09\x0F\xF9\x02\xFD\xFB\x5F\xD4\xBC\xAF\xDB\xB4\x90\xE7\x74\xC8\x17\x18\x66"
"\xA1\x99\x86\x61\x16\xDA\x59\x88\x4B\xA5\x33\x21\xCD\x6C\x48\x33\x1B\xF2\x1D\x0E\x87\x52\x21\xDB\xCC"
"\x6C\xC8\x19\xE8\x67\x21\xDA\xEB\xBE\x86\x9C\x82\x66\x1A\xDE\xA9\xF1\x0F\xC7\x11\x0E\xD9\x1D\x7C\x43"
"\x92\x00\x00\x00\x00\x49\x45\x4E\x44\xAE\x42\x60\x82"
}
};

static const binfile_t background_nes = {"background_nes.png", 1710, {
"\x89\x50\x4E\x47\x0D\x0A\x1A\x0A\x00\x00\x00\x0D\x49\x48\x44\x52\x00\x00\x01\x40\x00\x00\x00\xF0\x01"
"\x03\x00\x00\x00\x4B\xE3\x2F\x28\x00\x00\x00\x01\x73\x52\x47\x42\x00\xAE\xCE\x1C\xE9\x00\x00\x00\x04"
"\x67\x41\x4D\x41\x00\x00\xB1\x8F\x0B\xFC\x61\x05\x00\x00\x00\x06\x50\x4C\x54\x45\xE8\x4B\x39\xC2\x36"
"\x27\x43\x4D\x98\x63\x00\x00\x06\x46\x49\x44\x41\x54\x68\xDE\x8D\x9A\x3F\xD2\xFC\x34\x0C\x86\x13\x52"
"\xB8\xF4\x11\x7C\x11\x06\x5F\x85\x23\x50\x52\x61\x73\x02\xAE\x94\x23\x70\x84\xCC\x50\xD0\xA6\xA0\xC8"
"\x0C\x26\xC6\xF1\x5F\xC9\x96\x9C\x6C\x03\xDF\xEE\xB3\x5A\x47\x92\x5F\xC9\xF2\x6F\x59\xCA\x6B\xBB\x17"
"\xE6\xB5\xF9\xF0\x5A\x3E\x80\xE6\x23\x18\x0D\x7E\x01\xD5\x47\x70\xF5\x1F\x41\xF5\x11\xCC\x06\xDF\x41"
"\x99\xB8\x0B\x80\x8E\x04\xB3\x41\xDB\xDE\x11\x6E\xB2\x42\xF8\x19\x0D\x66\x83\xC7\x1B\x28\x46\x83\x34"
"\x68\x12\xB8\xBF\x81\x29\x7A\x1E\xFB\x83\x02\x35\x61\x90\x02\x49\x83\x14\xA8\xC7\x47\x26\xC1\x31\x7A"
"\x0C\xA8\x48\x83\x23\xB8\x8E\xD1\xA3\xC1\x6C\xF0\x5C\xDE\x40\xC6\xE0\x00\x8E\xF9\xC5\x80\x9E\x72\x36"
"\x01\xB2\x06\x7B\xD0\x70\x06\x3B\x90\xCA\x2F\x72\xCF\x18\xDA\xD9\x03\x28\xE8\xE8\x8D\xA0\xE6\x0D\x22"
"\x90\xCE\x2F\x02\xD4\x4C\xF4\x7A\x70\xE3\xA2\xD7\x83\x6A\x66\x10\x80\xEB\xE4\x91\x11\xA8\x78\x67\x63"
"\xD0\x7F\x04\xE5\x57\x30\x73\x54\xE2\x20\x50\xBE\x81\xAB\x47\xE9\xF0\x0A\x96\x74\x60\xDD\x58\xC0\x6A"
"\x90\xCE\x88\x0A\x6E\x95\xA3\x92\x1B\x80\xBA\x81\x76\x06\x02\x83\xDC\x12\x13\x08\x0C\x2E\x33\x70\x6D"
"\xDC\x35\x01\x6D\x49\x87\xD9\xA3\x44\xF0\x93\xC1\x10\x63\xAB\xDE\x1F\x39\x81\x8D\x7B\x32\xE7\x47\x16"
"\xFC\x03\xAD\x70\x63\x9F\xDB\x63\x83\x8A\xFD\x79\x8F\x0C\xAE\xFC\x83\x37\xEE\x4E\x69\xC9\x64\x45\xCB"
"\x2F\xFF\x67\x72\xFD\xF1\xD1\x20\x13\x6D\x60\xF0\xC8\x5F\xA3\x41\x9C\x0E\x82\x05\xBB\xFC\x32\x2C\x88"
"\xA3\x27\xD8\x78\x53\x06\x49\x10\x1B\xDC\xD8\x0C\x2A\xF9\xA5\xD3\xA7\x9A\x05\x4B\xF5\x51\x39\x1D\x58"
"\xF1\x29\x21\x56\xD0\x20\x01\xD6\x72\x26\x73\x3A\x70\x60\x7D\x8C\xCD\xC1\x07\xBB\x27\xED\xD2\xCF\x70"
"\x27\xDE\xF3\x76\x49\xB1\xA0\xC0\x6F\x7B\x16\xC4\x06\x25\x0B\x6E\x9C\xC1\x1E\xC4\xF5\x51\xB2\xE0\x86"
"\x35\xC9\xB0\x20\x36\x08\xF2\xBC\x77\x38\x36\xA8\xDE\xC0\x73\xDC\x10\x7D\xF6\x60\x4D\x82\x4B\xEC\xB6"
"\x6B\x7C\xEB\x9F\x85\x02\x89\x84\xB0\x84\xAC\xF4\x79\x8B\xDF\x82\xA0\x1D\xC1\x9D\x53\xB4\x0E\x74\xA4"
"\xA2\xD9\x11\xDC\x29\xD0\x8D\xD9\xED\x48\xA5\xDA\x47\xF0\xA0\xC0\x27\xCE\x1A\x83\x54\xEF\x96\x35\x17"
"\x59\xC5\xFE\x37\x48\x22\xD1\x47\x37\x95\xED\x59\x22\x91\x9C\x9D\xA4\x4A\xA6\x14\x9E\x94\x2F\x8D\x34"
"\xF7\x1D\xCC\x29\xFC\x0A\x16\x89\x9C\x80\x0A\x69\xAE\x7B\x01\xAB\xE6\xBE\x81\x55\x73\x5F\xC0\x26\x91"
"\x37\x0F\xCA\x14\x3D\xE1\x3F\x80\x77\xF3\x12\x00\xD7\x11\x04\x9A\x0B\x1B\xEE\x41\x02\x91\xE6\xF2\xE0"
"\x5A\x2B\x66\x07\x8A\x1E\xBC\x91\xAE\xF0\x60\xB7\x1F\xF2\x1B\x3F\xD0\xA0\x1C\x76\xA2\x3A\x48\xD0\x0C"
"\x60\x08\xAA\x98\xB6\x02\x19\x94\xC1\x15\xDB\xD4\x60\x06\x3D\x09\x8A\x41\x7E\x62\xB4\xB6\x59\x6F\xE1"
"\x6B\x7B\x4C\x80\x9B\xEF\x41\x11\x63\xB9\x4E\x7C\x93\x63\x9D\xA6\x3D\x73\xD0\xD5\xE6\x60\x04\x07\xB5"
"\xDF\xBE\x80\x36\x2D\xF1\xA0\x5A\x68\xDD\x6B\x6E\x00\xC9\x56\xD2\x8C\x5E\x74\x01\x9E\x82\x2E\x3F\xDD"
"\x19\x3B\xEF\x09\xB8\x67\xF0\x20\x41\xDD\xD7\xD6\xD8\xB8\x10\x5D\xAC\xEE\x45\x5C\x3E\xD6\xF4\x04\x8C"
"\x9A\xBB\x7F\x00\x8F\x2C\xDB\x32\x1E\x4A\x0E\xBE\xED\x8B\x2E\x0C\xA1\x11\x77\xDA\x0B\x1C\x78\x95\x12"
"\xF4\x06\xA6\x98\x14\x50\xB2\x60\x96\x48\x97\xCF\x95\xB2\x95\x84\x0D\xB7\x33\x59\x22\xEF\x11\xD4\x27"
"\x04\x8B\x44\xDE\x79\x40\xD7\xC0\xB5\xA8\xAB\x6C\xA7\x14\x12\x54\x25\x62\xC2\x23\xCD\xCD\x6A\x24\xAF"
"\x26\x37\x10\xDC\xC1\x78\x12\x83\x0A\x81\x0E\x8E\x27\x31\x68\xAA\x72\x89\x14\xBD\x36\x2F\x48\x42\x78"
"\x81\x36\xBC\xEE\x6B\xA8\xB9\x36\x95\x5F\xE5\xEA\xA7\xFF\x35\x10\x6A\x6E\x00\x3D\x00\xC3\xEF\xD9\x9C"
"\xC4\x6B\x3D\xF6\x40\x50\x57\xE7\xB9\xC5\x34\x2D\x04\x9A\x1B\x9E\xFF\xF9\xC0\x80\x74\x2F\xE0\x4F\xCD"
"\xA0\x33\x11\xDC\x01\x18\xFE\xAB\xED\xD8\x1E\xEB\x08\x1E\xAD\x43\x79\xDC\x04\xB2\xBD\x36\xF0\x2A\x82"
"\x67\x5E\x78\xCE\x4B\x00\xD6\x79\x94\x7A\x3C\x60\xAE\x5C\xA6\x72\xCC\x1B\xD8\x4E\x04\x11\xD4\x77\x7C"
"\xD8\x0A\xAA\x7D\xF9\xAD\x6F\x40\x62\xE7\x13\x16\x6A\x10\x78\x08\xDF\x37\xF0\x19\x6C\xDD\x45\x02\x4D"
"\xF2\x39\xD8\x0C\x8F\xEE\xB4\xEE\xE1\x59\x55\xF8\x82\xFC\x3B\x89\xC3\x8A\xB4\xB1\x80\x3B\x00\xF3\x9F"
"\xF0\xE8\x50\xC1\x52\xB8\x0B\x78\x74\x87\x96\x0A\x16\x8F\x6C\x00\x94\x08\xBC\x6A\xF7\xC0\x80\xBF\x23"
"\xF0\x80\x33\xF3\xF0\x93\xEA\x2C\x0F\xED\x62\x72\x05\xE6\x4A\x22\x8E\xC1\xA3\x81\x76\xC9\xA3\x9A\x47"
"\x2A\x40\x8B\xB6\x46\x30\xED\x5E\x95\xA2\xE7\x93\xA7\x5C\x1B\x41\x95\x4E\x62\x0B\xC5\xBB\x80\x4F\xCE"
"\xA4\xFF\x7D\x42\xF7\x4B\x07\xDA\xE8\xA5\xB2\x73\x9F\x3C\x1E\xBB\xB3\xF5\xAE\xEE\xCC\x2D\xD2\x03\xCA"
"\x11\x14\x77\xF5\x52\xF8\x38\xFE\x11\x12\x9E\xE8\xF7\xB2\x03\x32\x18\x1F\x52\xEF\x72\x04\x8B\xA7\x92"
"\x70\xA5\x4C\xD1\x3B\xD1\x6A\x1A\x08\x8A\x0C\xFE\x35\x1E\x7E\x56\x4F\x81\xC4\x29\x69\x2B\xBF\xB0\xBA"
"\x12\x5F\x7A\x3E\x2B\xCA\xDF\xD1\x4B\x19\xA4\x26\xC3\x75\x8F\x45\x70\x03\x0D\x42\xD7\xBB\xB6\x53\x46"
"\x03\xC9\x41\xAE\x6C\xC3\xD1\x08\x3A\x6E\x90\xAB\xAE\x01\xA4\x07\xB9\xAD\x36\xF8\x5C\x48\x98\x41\x6E"
"\x03\x4D\x06\x99\x31\x3C\x00\x6D\x94\x5C\xEE\xE6\x01\x83\x21\x43\x80\xC1\x9F\x90\xC3\x7B\x10\xCE\x73"
"\xA0\x55\x51\xD7\xA2\x21\x98\xAA\xC8\x4E\x83\x3B\x00\x8F\x5A\x4B\xE2\xFA\x4A\xBE\x36\xD0\xB4\xE8\xA9"
"\xE6\x4A\x83\xAE\xCC\x20\x98\x0B\x67\xD1\x3B\xCF\x81\xDD\x34\xCE\x74\xE0\x51\xC1\x52\x38\x2F\xB0\x59"
"\xD6\x0A\x3E\x25\xA5\x56\xF4\x14\x9F\xAB\xC8\x7A\xDB\xD5\xCF\xF7\xF6\x02\xD6\xC2\x79\x15\x59\x87\xA0"
"\x6E\xE0\x82\xA6\x71\x0A\x83\x9B\xAF\x60\x9B\xC6\x39\x78\xEF\x7A\xD7\x7E\xC1\xE6\xAF\x5B\x34\xA8\x52"
"\x05\xF4\x68\xD7\x2A\x68\x30\xE9\x1E\x06\xB7\xBC\x97\x24\x1C\xEF\x3D\xA0\x1C\xC1\xB3\xEA\x71\xED\x23"
"\xEF\x12\xFC\x12\xC7\x08\xDA\xEA\xA4\xAD\x35\xA6\x12\x80\x36\xAD\x31\x87\xEB\xC2\x1D\xAC\x1F\x41\x3B"
"\x8C\x19\x03\x08\x6F\x9D\x52\x97\xB0\xDE\xE4\xDC\x12\x4E\xD5\x42\xD2\x08\x8B\x06\x11\xBE\x7F\xDD\x25"
"\xBB\x0C\x02\xD5\x00\xEE\x19\x14\xA5\x13\x9A\x1A\x2C\x35\xDD\x93\xA7\x24\xA8\x7E\xEA\xDF\x5A\x83\x68"
"\x83\x70\xAA\xB6\x2F\xB5\x97\x12\x9C\xC1\x1E\x54\x9C\xC1\xD2\x25\x14\x50\xF7\xDC\x09\xC1\xA3\x75\x67"
"\x03\x68\x9B\xDA\xDF\xB0\xE9\x32\x9C\xC1\xA7\xB4\xC8\x09\x08\x53\x60\x81\x60\xC7\x41\x39\xFD\xB5\x74"
"\x67\x14\xB8\x0F\x62\x5A\x0E\x2D\xC6\x4F\x46\x81\x8F\x98\x6A\x12\xEC\x4E\x5B\x8F\x46\x1A\x0A\xEC\x27"
"\x39\x01\x5C\xFD\xF1\x3A\xD5\x8C\xA0\xA2\xC0\x61\x34\x14\x54\xB7\x2E\x47\x4F\x0C\x86\x03\x93\xA2\xC0"
"\x9B\xBE\x2E\x18\x63\x0D\x8B\xA1\xAD\xE0\xCD\x9D\x73\x21\xB8\x02\xD7\x2A\xFA\xF2\xAC\x81\x76\x00\xD1"
"\xEA\xF6\x02\xBA\x61\xB3\x5E\x04\x08\x27\xA0\x92\x8E\x5E\x49\x42\x37\xCC\x34\xBA\x74\xD8\x41\x2D\xC2"
"\x60\x57\xAE\x8F\x3A\x76\xEA\xC0\x3E\x7A\xC7\x32\xBF\x66\xE0\x41\x6E\xAE\x77\x7C\x34\xB8\x9C\xCB\xF4"
"\x9A\x81\x07\xD9\x6B\xF8\x73\x99\x5D\x33\x80\xD7\xF5\xD1\x60\x07\x4E\x6E\xCD\x2F\x6E\xA8\x30\x05\x67"
"\xF7\xFA\x8E\x30\x48\x8E\x65\x1D\x79\xEB\xF4\x02\xCA\xD9\xE5\xAC\xFB\x10\xBD\x7E\xC2\x2E\xA6\xB7\xBD"
"\xF7\x47\x83\x00\x14\xF3\x7F\x27\x70\x7F\x88\xDE\xF3\xFA\x1F\x7B\xA1\x71\x39\x3A\xE8\xB4\xF3\x00\x00"
"\x00\x00\x49\x45\x4E\x44\xAE\x42\x60\x82"
}
};

static const binfile_t background_pce = {"background_pce.png", 1288, {
"\x89\x50\x4E\x47\x0D\x0A\x1A\x0A\x00\x00\x00\x0D\x49\x48\x44\x52\x00\x00\x01\x40\x00\x00\x00\xF0\x01"
"\x03\x00\x00\x00\x4B\xE3\x2F\x28\x00\x00\x00\x01\x73\x52\x47\x42\x00\xAE\xCE\x1C\xE9\x00\x00\x00\x04"
"\x67\x41\x4D\x41\x00\x00\xB1\x8F\x0B\xFC\x61\x05\x00\x00\x00\x06\x50\x4C\x54\x45\x13\xBD\x9D\x0E\xA1"
"\x86\x3E\x01\xBA\x91\x00\x00\x04\xA0\x49\x44\x41\x54\x68\xDE\xAD\xDA\xCB\x91\xE4\x36\x0C\x06\x60\xB2"
"\x78\xE0\xCD\x0C\x81\xA1\xD0\x21\x39\x03\xCA\x11\x38\x25\x55\x39\x11\x85\xD0\x37\xEB\xA0\xA2\xAC\x7E"
"\x8C\x44\x00\x3F\x28\xEC\xEC\x74\xD5\x1C\xB6\xEB\x5B\x4A\xE2\x03\x04\xA8\x76\x4E\xFB\xE4\xD5\xB9\xB4"
"\x9F\x1F\xD5\xB9\xB4\x39\x57\x8D\x30\xEC\x16\x18\x37\x97\x8D\xB0\x6F\x70\x04\x5B\xB2\xC1\xD0\x76\x23"
"\xDC\x7F\x1A\x46\x2B\xDC\x8D\x30\x5A\xE1\x6E\x84\xC1\x0A\xAB\x11\x8A\x06\x35\x58\xB8\x6B\xD8\x79\xD1"
"\xE0\xE3\xA7\x1B\x5C\x95\xE5\x62\x7D\x14\xE1\x36\x6B\xDF\x3C\x6C\xC3\xFC\x0B\x70\x56\x16\xEA\xF7\xE1"
"\xF4\x9B\xBD\xF3\x7D\xD8\x7E\x73\xEA\xC8\x49\xDB\xAC\x03\xB3\x59\x7B\x67\x33\x5E\x59\x81\x72\x32\x2A"
"\x30\x59\x61\x91\xB0\x19\xAF\x8C\x61\xB4\xC2\x62\x85\xD5\x08\xC3\x8E\x3E\xB6\xCE\xC1\xB0\x1A\xA1\xDF"
"\x8D\x30\x59\x61\xC1\x70\x32\x5E\x59\xC2\x68\x85\xC5\x0A\xAB\x11\x86\xDD\x08\x93\x15\x56\x23\xD4\x3A"
"\x47\xC0\x64\x85\xC5\x08\xF5\x2B\x33\x18\xAC\x30\x5B\x61\x35\xC2\xC1\x95\x29\x4C\x56\x58\x8D\xF0\xEC"
"\x9C\x7F\x6E\x60\x3A\x77\xB3\x1B\x58\xCE\x4D\xAA\x0C\xA1\xBF\x76\xF0\x3C\x84\xE1\xDA\xF5\xD2\x10\xE6"
"\x2B\x25\x88\x43\xF8\xE9\x9C\x05\xF7\xBC\xB8\xF2\xA6\xCC\x22\xD1\x39\x0B\x4E\x29\x76\x7E\xE5\xCD\xDD"
"\x41\x4F\x52\x87\xC1\x5E\x98\xC8\xBF\x07\xB0\x74\x77\x38\x82\x9E\xDE\x49\x55\x77\xAE\x40\x93\x9B\xA2"
"\xC2\x4C\x1F\x4D\x87\x95\x66\x4B\x59\x83\x81\x8D\xA7\x0A\x13\xCB\x10\xB3\x96\x3D\x56\x3C\x93\x04\xF4"
"\x7C\xBB\x4B\x4A\xB2\x17\x78\xE2\x17\x15\x98\xFA\x51\x81\x70\xE9\xE0\x6C\x80\x99\x2F\xC8\xA0\xC0\xC2"
"\x77\xBB\xA0\xE4\x99\x02\x7A\x65\x6D\x15\x9E\x0C\x68\xB0\x8A\x14\xE8\xDB\xB0\xFB\x7A\x1B\xC5\xDE\x7E"
"\x89\xAC\x16\x28\xAB\x8B\x82\x67\xD9\x2D\x5C\x55\x98\xAD\x30\xE1\x92\x42\xC2\x08\x87\x1A\x74\x4F\xC4"
"\x25\x85\x84\xC1\x0A\x3D\x8E\xB7\x20\xDD\xC5\x41\xAF\xCA\x54\x12\x87\x28\x00\xAB\x1A\x50\xDA\x20\x69"
"\x58\xFB\x6F\xDB\xA0\xA2\xA1\x51\x6E\x90\xAF\x2C\x03\x18\x61\x09\x07\x60\x80\xDB\x16\x80\x1E\xEE\x1D"
"\x19\xE4\x4A\xB0\xF4\xC8\xE3\xA4\x6A\x1D\xC2\x8C\x0A\xDC\x04\xAA\xD3\x88\xEA\x56\x04\x03\xDA\xAB\x11"
"\x74\xA8\xF2\x80\xB0\x82\x63\x82\xC8\x23\x2E\x79\x9A\x3B\x98\x40\x0D\x0E\xA1\x07\xF5\x44\x40\xD0\x81"
"\x93\x8C\x00\xCF\x0D\xB2\x3C\x4F\xC0\x30\xCA\x4A\x06\xC3\x77\x07\x6D\x06\x28\xA7\x80\x3F\x6F\xBA\x34"
"\xF6\x38\x20\x2E\xAC\xEF\xBE\xA3\x3B\x5D\x73\x18\x16\xFD\x58\x80\xC4\x3D\x3F\x38\xE3\x20\xC1\x07\x8E"
"\xD0\xF3\xD3\x18\xCC\xCA\x99\x52\x3A\x2F\xF3\xD9\x91\xAA\x52\xF8\xD6\x73\x62\x7C\x82\xCF\x31\x53\x0A"
"\x28\x2A\xD3\xCE\x60\x38\xFE\x32\x38\xDA\x29\x34\x69\x6B\xC7\xB3\x3C\x78\x4F\x7E\x8D\x39\x85\xE9\x68"
"\x2C\xCA\xB1\xCC\x1D\x7C\xC7\x94\x7C\x3C\x5C\x94\x8F\x5D\x05\x2C\x07\x0C\xF2\xF0\x42\xC2\xBA\xBF\x26"
"\x52\x03\xA3\xB1\x90\x09\xB5\xBF\x21\x8A\x6B\x04\xFE\x3D\x80\x73\x0F\xFF\x7D\x12\x2F\x42\x01\x99\x29"
"\x2F\xF8\x1F\x80\x7E\x7D\x7D\xD3\xF8\x62\x7F\xC3\xAE\xC7\xD3\x6B\x60\xAF\x1E\x4B\x67\xDC\x62\xF0\xF9"
"\x7F\xFB\xBB\xBE\xA0\x23\xCB\x2C\xBE\xE1\xAA\xC0\xB5\xEF\xC2\xE9\xE8\xDE\x49\x84\xD7\x17\xCC\xE4\x8E"
"\x26\x57\x36\x19\x87\x8F\xE7\xAD\x4B\x24\x7B\xE4\xEC\xF2\x84\xE1\xE4\x19\x44\x91\xFD\xF8\xF6\x2F\xE7"
"\x1B\x1A\x13\x1A\xD9\x17\xB2\xE6\xC2\x1D\xAC\xFD\xB7\x93\x01\x46\xBD\xF8\x07\x10\xC7\xEB\xF7\x98\xD4"
"\xE9\x82\x9B\x05\x06\x19\x60\x3C\xD9\x29\x4A\x07\xAF\x5B\x0C\xDD\x0E\xF0\xB9\x4E\x99\x4F\xD8\x2D\xDD"
"\xDA\xC1\x85\x42\x4F\x1A\xDC\x2F\xF8\xD5\xD1\xF9\xCC\xD9\x1E\x7D\x5C\xB9\xE0\x83\xC3\x3A\xF7\x4F\x71"
"\xED\x14\x0B\x87\x7F\x90\x40\x75\xC1\x73\x4D\x2E\x30\x26\xCB\xA2\xAB\x2C\x70\xCB\xB9\x62\xCA\x00\xEE"
"\x04\x9E\x3D\xB6\xC0\x3D\x4C\x42\xB9\x31\x54\x08\x83\x92\x0C\xB0\xB6\x9F\x5F\x2F\x30\x0F\xE1\x1B\xA9"
"\x17\x53\x26\xED\x10\xCA\x70\x5F\x31\x14\x93\x30\xF6\xB9\xC5\x95\x22\xC9\x00\x59\xFA\xA9\x35\x80\x81"
"\xCC\xD5\x2E\xE9\xE2\x30\x93\xB9\x1A\x55\x18\x68\x26\x17\xC9\x39\xCA\xAC\x67\x3F\x5F\xF0\xCF\x57\x67"
"\xC8\x73\xA5\x46\xBA\xE0\xE1\xC2\xCC\x61\x62\xE9\xD4\x07\x3E\xE7\x0D\x81\x9E\x27\x72\xAF\x5B\xDE\xFC"
"\xFE\x86\xA2\xC1\x95\x3D\x5B\x7E\x42\x92\x03\x68\x07\x4D\x1C\x46\x91\x19\xFA\x1E\x36\xDE\xE0\x04\x61"
"\xE6\x67\x36\x24\xA2\x75\xE1\x2C\xB3\xA3\x18\x16\x4B\x7B\xB8\xEA\x0D\xF6\x09\x6D\xA6\x27\x2C\x7C\xD2"
"\xF5\xF0\x81\x47\x4F\xC2\x85\x4C\xD8\x59\x83\xE5\x03\x3D\x3E\xD6\xAF\x1D\x9C\xE5\x0A\x10\xF0\x95\xF2"
"\x4D\x78\xF4\x38\xEC\xD7\x25\x48\x3B\xCB\xD7\x23\x7E\x85\xD6\xBB\xD3\xFF\xA3\xA5\x86\x26\xAC\x3C\x72"
"\xFD\x74\x5C\xD5\xDE\xFE\x15\x5A\x06\xAA\x0D\xF6\xD5\xDD\xAA\x8D\x1E\x80\x51\x7F\x29\x4B\x61\xD1\x5F"
"\x64\xE6\xFE\x1E\xE3\xE0\x55\x54\xEA\xA1\x32\x7A\xA2\x42\x8F\xBF\xF8\xA2\x6E\x31\xBE\xBB\xDD\x7F\xFA"
"\x6D\x70\x33\xFE\x8C\x40\x7B\x03\x2E\xA1\xF5\x77\x04\xAB\x15\x5A\x7F\x64\xB1\x59\xA1\x5E\xCA\x79\x63"
"\x83\x0C\x4E\x46\xD8\xEE\x6A\xC8\x9B\x37\xEF\x02\xDE\x97\xAF\x96\x06\x9D\xE9\x07\x28\xF4\xFC\x6B\xB1"
"\x42\x67\x84\xEB\x0D\x2C\x86\xCE\x26\xF0\xE1\x8C\x70\x32\xC2\xBB\x3B\x3C\x63\xCA\x6C\x84\xF7\x0D\x7E"
"\x42\xC5\x6C\x84\xDB\xBD\xD3\xCF\x28\x10\xB4\x34\xC8\x6B\x51\xF0\xF9\x1F\xF4\x2A\xAA\x84\xE1\x70\x4A"
"\x99\x00\x00\x00\x00\x49\x45\x4E\x44\xAE\x42\x60\x82"
}
};

static const binfile_t background_recent = {"background_recent.png", 1505, {
"\x89\x50\x4E\x47\x0D\x0A\x1A\x0A\x00\x00\x00\x0D\x49\x48\x44\x52\x00\x00\x01\x40\x00\x00\x00\xF0\x01"
"\x03\x00\x00\x00\x4B\xE3\x2F\x28\x00\x00\x00\x01\x73\x52\x47\x42\x00\xAE\xCE\x1C\xE9\x00\x00\x00\x04"
"\x67\x41\x4D\x41\x00\x00\xB1\x8F\x0B\xFC\x61\x05\x00\x00\x00\x06\x50\x4C\x54\x45\x13\xBD\x9D\x0E\xA1"
"\x86\x3E\x01\xBA\x91\x00\x00\x05\x79\x49\x44\x41\x54\x68\xDE\xED\x99\x31\x6F\xDD\x36\x10\xC7\x49\xCB"
"\x81\x90\x49\x68\x80\xA0\xDD\xB4\xD4\x8B\x3F\x44\xE4\xB5\x99\x3C\xF8\xD5\x40\x96\xB7\xBB\xC8\x37\x30"
"\x4C\x6D\xDD\x0B\xBC\xDD\xD9\x8C\x67\x14\x9E\x9C\xB1\xD1\xD6\x4F\x90\xC5\x1D\xFA\xC6\x2E\x06\x34\xB5"
"\x46\xAD\x27\xF6\x49\xA4\xC8\x23\xEF\x48\xAA\x85\x8B\x76\x30\xA7\x04\xEF\xE7\xFB\x93\x77\x47\xF2\xA8"
"\x63\xEC\x79\x3C\x8F\xFF\xE5\xD8\x7B\xFB\x69\x93\xA6\xF6\xD7\x72\x37\xBA\x94\xAD\x1B\xA9\x47\x02\x2C"
"\x27\x4E\xD6\x71\xB0\x32\x60\x62\x92\x86\x93\x6D\x94\xE3\x0A\xEA\xEF\x3E\x88\x34\xD8\x7F\x1E\x27\xFB"
"\x10\x05\x33\x79\xA5\xFF\x55\xC4\xC1\xBC\x37\x7F\x12\x77\xA4\xB5\xC3\x13\xA0\x71\x0A\xEF\xE3\xFE\xB6"
"\xDE\xEB\x89\x0C\xF8\xC9\x44\xA1\x6C\xAC\x47\x5D\xEA\xD5\xC2\x89\x02\x00\x05\x88\xE1\x0F\x53\x06\x98"
"\x25\x94\xF6\x57\xA1\xFF\x66\x7F\x25\x6C\xB8\x7A\x02\xAC\x06\x99\xAF\xAF\xA5\x3B\x28\x70\x7B\xB0\x94"
"\x68\x10\x60\x89\x29\xF9\x28\x1B\x0C\x16\x3E\x75\xB7\x8B\x2E\x05\xE6\x10\xDA\xDE\x1E\xA9\xF9\x10\x60"
"\x66\xA8\xDF\xD7\x38\x20\x00\xD4\x39\xFC\xEE\x92\x0C\x31\x04\x2B\xB9\x5D\xD7\xA1\x5C\x28\xE3\x5B\x6A"
"\x3F\x9F\x03\x7E\x73\x2A\xE5\xCF\x29\x70\x77\x74\x8C\x33\xFE\xA3\x8D\x81\x2A\x71\xDC\x4D\x8C\xC1\xB7"
"\x37\x8E\xD7\x69\xD0\x49\x1C\x77\xB7\x83\x7C\x7C\x75\x4D\x04\xDB\x58\x2C\x94\x45\x4E\x25\xCE\xC7\xAB"
"\x5D\xB4\xA0\xB4\x3A\xF6\xDC\xD1\x7F\x56\xB1\x16\x56\xFA\x06\x53\xF7\x36\xD6\xD5\x04\x16\xDF\xFB\xD4"
"\xED\xB1\xB3\x4B\x8D\xC5\x5F\x9D\x3C\x3D\x0B\xC6\x1A\x64\xEB\xFD\x09\x75\x40\xB4\x2E\xD8\xDF\x5D\x06"
"\xCE\xA6\x16\x6C\x94\xC7\x45\xE4\x10\xB3\x16\x7F\x8B\x9F\x76\x16\x8C\x9F\xDC\x99\x91\xEE\x67\x82\x89"
"\x73\x16\x80\xED\x93\x83\x9B\x27\x07\x9B\x7F\x08\x72\xD1\xD5\xB3\xC0\x0A\x9C\xC6\x31\x30\xF3\xEF\xE3"
"\x10\x58\xFA\xD7\x6C\x08\x14\x7E\xD1\x90\x3D\x90\x60\x86\x8A\x06\x4E\x5B\x2C\x50\x2D\x10\x90\x2E\x51"
"\x2D\x10\x90\xD6\x07\x4A\x97\x92\xE6\xB8\xB2\x31\xD2\xF9\x06\xAF\x05\x7A\x92\x96\x2E\x70\x65\xC3\x49"
"\xB0\xC4\x95\x8D\x01\x1D\x69\x53\x2C\x3D\x24\xDC\x63\x0E\x8D\x2E\x61\x71\xB8\xDA\xD8\x1E\xBC\xA5\x69"
"\x30\x53\xCB\x28\xE0\xB2\x49\xE9\x5C\x79\x70\xF0\x66\x13\xB5\x58\xE8\xC9\x89\x19\xE0\x46\x7B\x69\x13"
"\xF5\x63\xA5\x2D\xE5\xC0\x3F\xA4\xC5\x4A\x07\x99\xA7\x40\x31\xF9\x4F\x58\x47\x92\xA0\x31\x54\x59\x47"
"\x52\x20\x37\x31\x2E\x6D\xA2\x05\xC0\xDD\x5A\x5E\xAB\xE5\xC7\xC0\x6C\x0C\xC8\x00\x67\x36\x34\x14\x98"
"\x8F\x76\x06\x90\x5B\x8F\xD3\x60\x3F\x0F\x2C\x06\x90\x8F\x88\x30\xA1\xA1\xC0\x72\xF4\xCE\x88\xCC\x02"
"\x9B\xD1\x91\x6D\x04\x54\xBF\x8E\x60\x69\x77\x4D\x47\x81\x9B\x49\xBA\x30\xC1\xA6\x2C\x8A\xD1\xD8\x7C"
"\xB0\x19\x3D\xD5\xF9\x65\x7C\xDE\x02\xB0\x9E\x2C\x66\x36\x7D\x26\x8B\xD9\x06\x24\x0F\x00\xFB\x88\xB4"
"\xCA\x84\x51\x9A\xDB\x3C\xC3\xD2\xFA\xC7\xD1\x22\x01\x5A\x69\x08\x32\x93\x67\x1C\xFB\x91\xAB\x05\x78"
"\xA0\x5D\x4C\x6B\xD3\x11\x80\x42\x22\xE9\x10\x58\x07\xFD\x98\xA9\x68\x28\xB0\x32\x29\x8E\x17\x93\x02"
"\x5B\x9B\xE0\x51\x30\x07\x60\x0B\xC1\x26\x28\x9D\xCB\xED\x40\x0A\x7D\x4E\x35\x21\xE9\x2F\xF5\xD1\x2D"
"\x53\xA0\xD0\x97\xC1\x6C\x30\x29\x5D\x39\x60\x61\xB6\x21\x09\x9A\x3D\x13\x03\x4B\x7D\xC4\x27\x2D\x16"
"\x13\xD8\xAA\xFF\x35\x31\xB0\x9E\x23\xAD\x2F\x99\xB4\x74\x36\x81\xAD\x0B\x9E\xFB\x20\xD7\x37\xA0\x6F"
"\xB1\x47\xD9\x33\x5D\x5B\x29\xE9\xE9\xCE\xF0\xA5\x29\x70\xCC\x47\xD1\xB9\xE0\x85\x5F\x5C\x4C\x67\xA2"
"\xE8\x69\x8B\xA6\xAE\xD9\x85\x06\x6C\xAB\x98\x74\x31\x81\x1B\x27\x32\x58\x3A\x57\xBF\xA9\xA9\x96\x08"
"\xE4\x2D\x02\x7B\x3B\x8F\xC0\x01\x50\xEB\x74\xAB\x49\x8B\xF6\x66\x96\x53\x72\x34\x71\x50\x07\x2B\x1F"
"\x13\x3D\xB2\x15\xCC\xDF\x8E\xA1\xAC\x62\x16\xCF\xCD\x2E\x83\x27\x05\x01\x7E\x65\xF6\x44\x43\x80\x19"
"\x7A\xCF\xE4\xC3\x26\x13\xD8\x62\x4B\x7C\xA5\x6A\x29\x10\xBF\x90\x86\xD8\xD8\x13\x37\x02\x0E\xB7\xAC"
"\x9C\x03\x16\x3B\xE9\x59\x60\x26\x5B\x70\xCF\x44\xC0\xDD\xD6\x9E\x09\x56\x4D\x36\x0F\x2C\x1A\x70\xBB"
"\xC6\xC0\xAC\xCE\xE7\x81\xB0\x02\xA0\x40\xBB\xA1\x12\x20\x28\x4D\xC0\x3F\x2B\x0A\xF4\xF7\x78\x50\xFA"
"\xC1\x86\x7B\x13\x05\x3B\x02\x14\xF8\xAB\x63\x6E\x03\x0C\x0A\xF1\x37\xD8\xA2\x05\x33\x00\x5E\xF8\xA5"
"\x00\xAC\x43\x73\xF0\x58\xA8\xB0\xB4\x2D\x2F\xC1\x24\x28\xF7\xC0\xAA\xD9\xBE\x53\x04\x96\x26\xEB\x70"
"\xB3\x18\xD6\x11\x95\x3D\x7C\x22\x11\x73\x24\xDF\x0A\x56\xBA\x23\x5F\x1F\x2D\xB2\x08\xE7\x58\x6A\xA0"
"\xA4\x40\x28\x9D\x13\x2F\x24\x6B\xB1\x8B\xBF\xB9\x48\x69\xFD\x8A\x2B\x9D\x57\x2E\x65\x71\xFC\x36\x5E"
"\x73\x99\x04\x99\xC0\x2F\x4D\x1A\x24\xDE\xAE\x34\x48\xBC\x86\x69\xD0\xBC\xAF\x9B\x04\x48\xBC\xD8\x69"
"\x90\xF8\x06\x40\x83\xC4\x57\x85\x00\x88\xBF\x53\x04\xC0\x02\xAD\x85\x95\x24\xC8\x71\x03\xA6\xAA\x29"
"\x10\x7F\x9D\x09\x48\xAB\x49\x6E\x66\x80\x1C\xB5\x7E\xCC\xF7\x5B\xEF\xDB\xDE\xD2\xEF\xD3\x54\xDE\x9D"
"\x6A\xBF\x72\xFD\xC9\xD8\x0C\x69\xA2\xE7\x51\x07\x3B\x1E\x01\xF0\x3C\x01\xFE\x7D\xE9\x8B\xA7\x02\xFF"
"\x2B\xE9\xA1\x0F\x50\xA7\xA4\xA7\x6F\xE9\x71\x8B\x2F\x0F\x51\xD3\xEF\x82\x16\x94\x29\x70\x6A\x3C\xC4"
"\x41\xD8\x78\x98\xDA\x34\x4B\x54\x29\xE1\x3E\xC0\xFD\xBA\xDE\x5F\x09\x07\x24\xFA\x00\xB7\x27\xEC\x8B"
"\x43\x57\xDA\x9D\xBB\xEA\x15\x1C\xB3\xD5\xA9\x37\x47\xD4\xC3\xB8\x5F\x30\xB6\x5A\xE2\xC5\x08\x5F\xF0"
"\x60\x41\xAF\xDA\x82\x8F\x8B\x23\x76\x80\xA6\xE1\x83\x77\x6B\xF6\x72\x21\xA8\x2E\x09\x00\xB7\xB7\xC7"
"\x81\x56\x0A\x3C\x88\xC4\xE2\x68\x7F\xB5\x94\xE1\x61\x2C\xD2\x82\xA9\x55\x47\xC0\x2A\x06\xDD\x9F\xB0"
"\xB4\x45\xD5\x0E\xC9\x24\x8B\x82\x53\x3B\x84\x9F\xF6\x11\xF0\xA3\xEE\x02\xBF\x18\xD6\xD9\x33\x7A\x8E"
"\x53\x9F\x90\x2D\xBE\xF3\x6E\x08\x41\xF4\x8E\xF6\x7E\x5C\xE2\xAE\xB6\x01\xDF\xEB\xDE\xD1\xEB\x77\x64"
"\x43\x4C\x49\x9B\xDE\xD1\xF5\x69\x28\x82\x3B\xD0\xCC\xFD\xDB\x4F\x78\x61\x67\xF6\x10\x52\x77\xC0\x21"
"\x91\x14\x6E\x3F\xB2\x6C\xD9\xDE\x35\x91\x14\x77\x57\xFE\x21\xD4\x13\xFE\x3E\xBB\xA4\x4A\x6E\x6F\x80"
"\x5E\xAA\xFF\x72\x02\xE3\xFD\x71\xB8\xAF\x12\x98\x3B\xF1\x28\x19\xC7\x2F\x27\x2C\x35\x44\xB8\xBF\xE6"
"\x8E\x17\xEC\x79\x3C\x8F\x7F\x71\xFC\x05\xE1\x4C\x2E\xC0\x8D\x6D\x09\x27\x00\x00\x00\x00\x49\x45\x4E"
"\x44\xAE\x42\x60\x82"
}
};

static const binfile_t background_sms = {"background_sms.png", 1585, {
"\x89\x50\x4E\x47\x0D\x0A\x1A\x0A\x00\x00\x00\x0D\x49\x48\x44\x52\x00\x00\x01\x40\x00\x00\x00\xF0\x01"
"\x03\x00\x00\x00\x4B\xE3\x2F\x28\x00\x00\x00\x01\x73\x52\x47\x42\x00\xAE\xCE\x1C\xE9\x00\x00\x00\x04"
"\x67\x41\x4D\x41\x00\x00\xB1\x8F\x0B\xFC\x61\x05\x00\x00\x00\x06\x50\x4C\x54\x45\x31\x99\xDB\x24\x81"
"\xBA\x71\x6A\x0B\x9A\x00\x00\x05\xC9\x49\x44\x41\x54\x68\xDE\xED\x99\x3B\x8E\xE4\x36\x10\x86\x29\x6B"
"\x3D\x72\x26\x87\x0E\x16\xE6\x15\x7C\x82\xD1\x95\x36\x74\x30\x80\x34\xE8\xC0\xD7\x62\x47\xBE\x06\x8F"
"\xA0\xCC\x04\x4C\x8B\x5B\x0F\x3E\x25\x4A\x62\x60\xC0\x81\x5B\xC0\x62\x67\x7A\xBE\x2E\x89\x55\x3F\x7F"
"\x16\x29\x21\x5E\xD7\xEB\x7A\x5D\xAF\xEB\x75\xBD\xAE\xD7\xF5\xDF\x5E\x72\x69\x04\x67\xD3\x0A\x6E\x8D"
"\xA0\x6B\x07\xC7\x66\x70\x6D\x03\xAD\x6C\xBA\x79\x07\xA0\xD3\xAD\xE0\xD6\x0A\xB6\x84\xEC\x9C\x99\x9C"
"\xB3\xF7\x60\x4F\xA0\x53\xAD\xA0\x6D\x05\xEF\x43\x0E\x6E\x9D\x11\x34\xAD\xA0\x5B\x5A\x41\x73\x0B\x6A"
"\x06\xDD\x0D\x38\x3A\xCD\x9C\x5B\x5B\x41\xD7\x0C\xAE\x37\xE0\x33\x80\xD7\xD2\x90\x09\xBC\x96\x46\x0E"
"\x6E\xAD\xE0\x65\x48\xE9\x1E\x09\xBC\x92\xC6\x94\x83\x57\xD2\x28\x41\xDB\x0A\x5E\x84\x9C\xDD\x90\x83"
"\xA6\x15\x3C\x57\xDB\x1E\x54\xE7\x66\x56\x82\xCF\x0B\xEB\x29\xC0\xC7\xDA\x0A\xBA\x6B\x70\x81\x12\x79"
"\x70\x3D\x35\x33\x4E\x74\xCF\x60\x7F\x22\x0D\xB6\x1E\x52\x03\x4F\x9D\xE1\x44\x1A\x1E\x5C\x48\x1E\x1E"
"\xDC\xCE\xC1\x8D\xE7\xA3\x07\xAB\xB9\x64\x33\x33\xFC\x23\x6A\x77\x38\x91\x06\x5B\x0F\x0F\x94\xC0\xF1"
"\xA4\x3C\x0C\x2A\x2F\xA4\x00\xDA\x1A\xB8\x4E\x41\x09\x32\x82\x15\x69\x90\xF5\x6C\x61\xE6\x3A\xCE\x41"
"\x4D\x6D\x04\xD2\x9D\x14\xA5\xDC\x83\xC7\x90\x04\xE2\xF7\xBB\x95\x86\x1D\x40\x53\x35\xB3\xF5\x08\xBA"
"\xAA\xF5\x68\x06\x31\x3F\xEC\xD3\x15\x23\x4A\xA0\xA6\x6A\x47\xD0\xD5\x40\x25\x7E\x16\xBD\xA6\x44\x26"
"\x50\x57\xCC\x6C\x11\xBF\x10\x08\xCF\xB7\x4E\x27\x46\x44\xD6\x23\xC4\x57\x02\x21\x91\xDE\xD0\x8F\x21"
"\x3D\x38\x8A\x41\xED\xC1\xED\x00\xC2\x27\xE3\x82\xE0\x50\x80\xA5\x34\xD0\x51\x6C\x06\xEA\xF9\xC4\x88"
"\x02\xA8\x86\x85\xA6\x8D\x3E\x33\x03\x04\xA1\x5C\xC3\x32\x2E\x24\xDD\x02\xB4\x05\xD8\x23\xF8\x26\x6A"
"\x60\x2E\x0D\xB4\x1E\xA8\xD6\x17\xD1\x31\xF8\x74\x27\xDE\xE6\xC1\x30\xC9\x77\x60\x16\x32\x03\xA1\xDA"
"\x07\xD0\x64\x66\x36\x86\x12\x48\x0D\x5F\xDB\x81\xAE\xB0\x1E\x0F\x4E\x0A\xC0\xCF\x1D\xB8\xEE\xC1\xDE"
"\x0A\x29\x2A\xA0\xCB\x41\x45\x2A\x82\x7A\x43\xB2\x96\x69\x07\xEA\xCC\xCC\x14\xE4\x70\x72\xEA\x8D\xC0"
"\x61\x07\x6E\x99\xF5\xA8\xD1\xC0\x4D\xD5\x17\x04\x95\xA8\x87\xF4\xE0\xB6\xF0\x0C\x9B\xE0\xE3\xBE\x1A"
"\xD2\x83\x4E\x39\x0F\xDA\xE0\x93\x3B\x69\x90\xF5\x2C\x3D\xA6\xCF\xB0\xFB\x28\x31\xD6\x32\xC4\xA0\x98"
"\x3C\x28\x5D\x25\x64\x0E\x0E\x8F\x08\xE2\x6F\x95\x32\x92\x99\xB1\x64\xAD\x07\x0D\x1B\xE5\x0E\x24\xEB"
"\x29\x41\xF8\x75\x6C\x03\xED\x2E\xE4\x29\xE8\x44\x19\xD2\x83\xDA\x1D\x40\xF6\xB5\x72\xD4\xA3\x07\xE1"
"\x2F\xF6\x6B\x00\x9D\x28\xEA\xB8\x07\xCD\x14\xD7\xC3\x32\xE4\x11\x34\x21\xD0\x16\x63\x67\xE0\x93\x8B"
"\x49\x3E\x16\xEF\x58\x48\x43\x47\x8F\xF2\xA0\x4C\xE0\x96\xD7\x31\x07\x7F\x80\xCF\x75\x9F\xC0\x22\xA4"
"\x07\x3F\x11\x7C\x63\xC9\x26\x30\x4F\xBA\x8A\x9D\x19\x28\x0B\x7E\x58\x08\x4F\x7F\x1D\x0A\x90\xFA\x28"
"\x8D\xAE\xB7\x09\x91\x1E\xEC\xCF\x3C\x64\x0E\xCA\xA5\x33\x39\xF8\x99\x4B\x43\x05\x33\x03\x70\x52\xC1"
"\x60\xBC\xE5\x4C\x50\xE1\x2E\x07\xA9\x8F\x5A\xC5\x1C\x4D\xCA\x83\x5D\x16\xD2\x64\xE0\xBA\x07\x61\x70"
"\x29\x64\x06\x8A\x1D\x48\x2B\x6D\xA6\x11\x36\x33\x9E\x2D\x90\xF4\x24\x85\x0D\x9F\x7E\x0D\x49\x8F\x7D"
"\x14\x83\x63\x06\x72\x65\x92\x90\x3D\x88\x92\x7D\x87\xBA\x64\x65\xA3\x49\xAB\xFD\x37\x2F\xC0\x99\x2A"
"\xB3\x79\x01\xC7\xCE\x6C\x23\x50\x8A\x58\xB5\x4D\xC2\x97\x71\x89\x10\x3F\x7A\xD0\x37\x5C\x04\x8E\xA9"
"\x16\x1B\x0C\x5F\x75\x7F\x71\xC8\x6D\x2E\xC0\x0F\x58\x93\x22\x68\x31\x8D\xBD\xE6\x34\x6D\x3D\x37\x5C"
"\xBE\x85\xFB\xC0\x85\x46\x46\x10\xEE\xFB\xD0\x23\x8D\xC9\x96\xBB\xC7\x0F\x21\x96\xA8\x32\x8B\xB7\xFC"
"\x1B\x57\x13\x50\xE0\x0E\xFC\x3D\xF4\x5C\x1E\xEC\xD8\x00\x2D\x85\x88\x20\x88\xBD\x50\x19\x5B\x25\x4D"
"\xDA\x45\xFC\x94\x3A\x33\x2C\xB6\xC9\x4B\x6D\xE8\x4F\x54\x19\x53\x6C\x0A\x0D\x83\x5D\xE1\x36\x33\x17"
"\x7B\xC9\x41\x78\x92\x6F\x22\x2B\x8C\x11\xF4\x80\x94\x46\x93\x83\x5B\x88\x1F\xBC\x01\x1E\x09\x93\xEA"
"\xA5\x11\xCC\xCC\xE5\xFD\x23\x83\x38\xDC\xF1\x0F\xF6\x01\x6F\xE1\x3A\x6B\x1E\xE2\x64\x5D\xF1\x54\x60"
"\x24\xFD\xB8\x12\xD4\xC5\xD4\xA2\x54\xA0\x42\x21\x6E\xEC\x7F\x75\x1A\x66\x26\x5B\xEC\x66\x25\x25\x3D"
"\x04\x91\xCF\xD4\x8E\xA4\x55\x03\x9B\x1F\x00\x21\xE4\x3F\x01\xEC\x9F\xA9\x77\x48\xC6\x8D\xB7\x51\xBF"
"\xFA\x0A\xE8\xB0\xBC\xC6\xD1\x24\xA3\x53\xF8\xEF\xDD\xE7\xA1\x04\x6D\x3E\x61\xA8\xB1\xD0\xEF\xBE\x04"
"\x2A\x76\x48\xAE\xD8\xCF\x64\xE0\x40\x21\x95\x28\xCA\x61\xF3\x05\x90\xC0\x0F\x31\x51\x65\x54\xEA\x7C"
"\x0E\xD7\x83\x41\x78\xA0\x1C\x1C\xCF\x40\xDC\x2B\xF5\x65\x33\x55\x07\xE1\x61\xF0\xC1\x16\x71\x1E\x92"
"\x40\x03\x9F\x2F\x05\x28\x0E\x60\x47\x20\x8E\xB8\x04\x65\x1D\x84\xC4\xE9\xA1\x6C\xDC\x6B\xA0\x42\x09"
"\xC1\xD4\x76\x65\xD7\xBE\xEB\xC7\x30\x97\xA8\xFD\x75\x07\x76\xFB\x96\x28\x03\xB7\xDD\xB6\xBD\x04\x81"
"\xF9\x24\x70\x7F\x00\xD6\xED\x40\xF8\x62\x87\xA2\x34\xF2\xB8\x65\x28\xBA\x6A\x30\x3B\x34\xB3\x0A\x18"
"\x77\xB8\x0C\xC2\x6C\x09\xA0\x3D\x1C\x2E\xD0\x70\x27\x06\x87\x00\x4E\x07\xB0\xE7\x87\x1B\x18\x04\x03"
"\x18\x54\x1D\xE4\x6D\x26\xE7\x1E\xED\x13\x36\x19\x73\x1D\xF4\x9B\xDB\x21\x4C\x35\x02\xD7\xA9\xB2\x95"
"\x8C\x06\xCA\xD3\x7C\x58\x66\x17\xF6\x8C\x87\x90\x56\x7A\xC3\x5F\x70\x87\x73\x06\x42\x39\xAC\x34\x31"
"\xE4\x88\x8D\xB6\xAE\x82\x23\xA6\xCD\x87\x4C\x60\xED\x8C\x01\x07\xE9\x97\xD4\x95\xFA\x91\xD0\x23\x1F"
"\x42\xA2\x56\x7D\x39\xC9\xCC\xDC\x52\x07\x7B\xDE\xE5\x53\x48\x2D\x69\x62\x9D\x9C\x45\xFC\x36\xBB\x10"
"\x72\x93\xB8\xBA\x75\x67\xE7\x59\x33\x99\xD2\xE0\x9B\x00\x67\x4F\x41\x19\xDA\x04\xFE\x4F\x9F\x82\x7D"
"\xD6\xC0\x61\x23\xD6\x9D\x1E\x14\x4D\x61\xC9\x64\x17\xEE\x4F\xC1\x21\x6B\xE0\xD4\x15\x28\x66\x17\xB7"
"\x0B\xF6\x12\xF4\x27\x24\x5E\x1A\xFD\xE5\xA9\x57\xDC\x2E\x98\xD2\xCC\x6A\x21\x83\xDA\xAE\x40\x1F\x8B"
"\xFE\x5B\x87\xAB\x83\xD3\x3C\xE4\x25\x28\xCA\xDE\xFE\xF2\xE8\x32\xDF\x2E\x5C\x9E\x67\x67\x21\x2F\x8F"
"\x4D\x7D\xE7\x26\x6F\xC1\x2E\x93\xC6\xF5\xD9\xEE\x94\xB6\x0B\xDB\xCD\xA9\x7B\x0C\x79\x73\x44\x3F\x47"
"\x01\x5B\x71\x1F\x92\xD4\x76\x77\xE8\x1F\x77\x20\x77\x60\x14\xF0\xED\x99\xBF\x97\xC6\xDC\xF0\x72\x80"
"\xA5\x71\xFF\x82\x89\x43\x76\xF7\xEF\x78\xC6\x96\x77\x0D\xB1\x8E\x4D\xEF\x8C\x64\xC3\xBB\x86\x5C\x6D"
"\xFF\x66\xC8\xEE\xF6\xC5\x40\xAE\x36\xDD\xFA\x94\x4A\x34\x86\x6C\x03\xFB\x56\x10\xCF\x6C\xDA\xC0\xB1"
"\xA9\x88\x14\xB2\xF5\x85\xE7\xDB\xEB\x9D\xEF\xFF\xEB\xFA\x0E\x72\x9C\x58\x7D\x4C\x5D\x28\x48\x00\x00"
"\x00\x00\x49\x45\x4E\x44\xAE\x42\x60\x82"
}
};

static const binfile_t background_snes = {"background_snes.png", 980, {
"\x89\x50\x4E\x47\x0D\x0A\x1A\x0A\x00\x00\x00\x0D\x49\x48\x44\x52\x00\x00\x01\x40\x00\x00\x00\xF0\x01"
"\x03\x00\x00\x00\x4B\xE3\x2F\x28\x00\x00\x00\x01\x73\x52\x47\x42\x00\xAE\xCE\x1C\xE9\x00\x00\x00\x04"
"\x67\x41\x4D\x41\x00\x00\xB1\x8F\x0B\xFC\x61\x05\x00\x00\x00\x06\x50\x4C\x54\x45\x31\x99\xDB\x24\x81"
"\xBA\x71\x6A\x0B\x9A\x00\x00\x03\x6C\x49\x44\x41\x54\x68\xDE\xED\xDA\x41\x8E\xDC\x20\x10\x05\x50\x10"
"\x0B\x67\xC7\x11\xB8\xC8\x48\x5C\x2C\x12\xBE\x41\xAE\xE4\xA3\xF8\x08\x2C\x59\x20\x57\xA6\x3B\x6D\x1B"
"\x30\x55\xFC\x56\x3C\x9A\x45\xC2\x62\x36\xF3\x54\x36\x05\x0D\xB8\x6C\xA5\x86\xCD\x26\x85\xB5\xFF\xB0"
"\x68\x86\x66\x0C\x06\x4A\x10\x74\x44\x6D\xC8\x2E\xD4\x9F\xAE\x0D\xD9\x85\xE1\x01\x69\x0C\xCD\xD3\x51"
"\x1C\x42\x7A\xB5\x11\xB4\x3B\x8C\x32\x34\xBB\xA3\x4D\x86\xFE\x80\xB4\x4A\x50\x9F\x8E\xB2\x04\x4D\x01"
"\xCB\x90\x32\xCC\x02\x9C\x4A\x58\x8C\xE3\x05\x5A\xEA\x5F\x7B\x00\x23\x0A\xCF\xFF\x3A\x18\xC6\xCE\x54"
"\xEC\x75\xFB\x02\x03\x08\xAB\x34\x4A\xD0\xA2\xD0\xD7\x70\xE3\xA0\xA6\xA6\xAD\x0C\x34\x2D\xCC\x0C\xB4"
"\x2D\xA4\xA5\x0F\xFD\x05\xA6\x3E\x0C\xC4\x85\xF4\xAB\xD8\x97\x33\x64\x0D\xA7\x0E\x7C\xCD\xC9\x1A\xDA"
"\x1E\x8C\x1D\xE8\x7B\x90\x3A\x30\x10\x1B\xD2\x2F\x83\xBE\xEC\x21\x2B\x68\x18\xF8\xB8\x6A\x58\x46\x9D"
"\x7E\x4D\x8D\x0A\x5A\x06\x3E\x92\x5E\x41\x4F\x7C\xC8\x0A\x06\xE2\x43\x86\xB9\xB3\x82\x5E\x5B\x56\xE5"
"\xE2\xAF\x79\x48\x73\x09\x8D\x00\x73\x09\x27\x92\xDA\x0C\x64\xA7\x85\x4E\x84\x0B\x90\xC6\x66\x19\x12"
"\xD2\xD8\x6C\x3B\xB2\x3B\xD7\x4A\x3D\x80\x1B\x92\xC6\x2A\xE4\x10\x6E\x50\xBE\x8B\x85\xC8\x0E\x61\x46"
"\xF2\x5D\x84\x04\x60\x06\x06\xA6\x48\x7A\xB8\x1D\x12\x08\x35\x0A\x0D\x0A\xA7\xDB\xA1\xFD\x3E\xE8\x50"
"\xE8\x6F\x87\xE1\x76\x48\x77\x43\xFD\x85\x30\x59\x11\x9E\xD3\x31\x6A\x10\xAE\xC2\xB0\x57\xD3\x71\x11"
"\xEE\xB7\x82\xB3\x30\x41\x5A\x68\x05\x68\x4B\x38\xDD\x01\x5D\x3F\x05\x77\x41\x7D\x07\xF4\xE5\x92\x6E"
"\xEE\x80\xE1\x6D\x98\x31\x38\xFB\xAC\xE4\x84\xBF\xA0\xB2\x18\xFC\xBC\xC1\x9F\x03\x78\xF4\xE4\x07\x04"
"\xF3\x60\xB7\x7B\x1F\xA6\x21\xD4\x15\x74\xDF\x00\xE3\x57\x41\x83\x42\x76\xF9\x3D\x62\xAC\x83\xA3\xCD"
"\x05\x72\x21\xAF\xD0\x0D\xE0\x32\x38\x74\x5E\xE1\x84\x42\xF3\x2F\xC1\xF5\x76\x98\xD0\x84\x67\x14\x1E"
"\x8F\x0E\x43\x18\xC1\x49\x71\x84\x1C\xC3\xF4\x55\xD0\xFD\x35\xD4\x6F\xC3\xF8\x26\xF4\xF7\xC1\xF5\x1D"
"\xF8\x21\xAC\x14\x15\xFC\x7C\xDE\x27\x0C\x26\x3D\xDA\x15\xFE\xFC\x6A\x3C\x4D\x18\x0C\x44\xDF\x01\x67"
"\xF1\x14\x5B\x44\xB9\x1F\x2E\x6F\x40\xF9\xE8\xEA\xCF\x91\xC1\x60\x44\x61\x42\x21\x5D\x56\xB2\x99\x39"
"\xED\xAD\x0D\xCC\xE5\x40\x95\x70\xBB\x54\x68\x3D\x73\x7E\x5C\x5C\x73\x5B\x8E\x39\x0C\xE7\xD0\x14\x3C"
"\x5C\x55\xFD\xB0\x7C\x09\xC5\x56\x8F\xF6\x96\x2F\x39\xD4\x70\xE2\x8B\x18\xD5\x11\x9D\x83\x73\x05\xF9"
"\xFD\x62\x53\x75\xE6\x58\x98\x2A\x98\xF9\x27\xFB\x03\x3E\x73\x96\x78\x18\xF7\x75\x68\xB5\x00\x7C\x04"
"\x7B\x76\x36\xF2\xD5\x87\xF5\x75\xF7\xE9\xF9\x77\x00\xDD\x73\x7C\xCC\xB1\x24\x06\xB6\x44\xF9\xCC\x8B"
"\x96\x61\x54\xFB\x35\x4F\xE8\x19\xE8\xCE\x9F\xE6\x22\xC2\x57\xA2\x4F\xE8\xFA\x09\xDF\xD3\x32\x80\xF9"
"\x79\xA1\xB9\x82\xDD\x09\xB9\xE9\x7D\x0A\x99\x03\xF6\xE7\xD9\xAF\x72\x76\x2D\x83\xB2\xD9\xB6\xFF\x7B"
"\x19\x14\xE2\x8E\x49\xB9\x0E\x6A\x80\xDB\x3E\x1E\x08\x34\xC5\xF6\x27\x42\x57\x6C\xA8\x22\x2C\x77\xDE"
"\x20\xC0\xA9\x3C\x1D\x78\x61\x55\xF4\x20\xD4\x60\x59\x71\xB1\x55\x49\x93\xAF\x4E\xC4\x50\x41\xA0\x70"
"\x36\x2B\xB0\x66\xB7\xA0\x70\x55\x60\xB9\x30\x29\xB4\x00\xA9\xD0\x92\xA6\x42\xAB\xA9\x70\x21\x17\x2D"
"\x0D\x13\x9C\x71\x85\x26\x52\xA1\x89\x54\x68\x22\x15\x9A\x48\x85\xE6\x47\xA1\xF9\x81\x8B\xF1\x68\x79"
"\x9F\x14\x9A\x1F\x85\x76\x1B\x7B\x4D\x52\x40\x8B\xC2\x09\x85\x1A\x85\x0A\x86\x1E\x85\x0E\x85\x13\x0A"
"\x35\x0A\xF1\x17\x4E\x0E\x85\xC5\x27\x0D\x41\x84\xE7\xB5\xA3\x95\xA1\x3B\x17\xCD\x20\x42\x73\x1E\xAF"
"\xAC\x08\xF7\xC1\x89\xDD\x01\xBD\xBE\x48\xDE\xFA\x29\xB8\xBE\xEC\x66\x0E\x4D\x97\xF7\xEC\xDC\xA3\x6E"
"\xFB\xBD\x49\xE2\x46\x94\xFD\x58\xC7\xA3\x50\xA3\xB0\x0D\xC9\x43\x83\xC2\x66\x1C\x15\x1A\x52\xFA\x4A"
"\x09\x86\x13\x0A\x15\x0C\xCB\xD9\xF6\x1B\xFD\xB2\xC2\x19\x46\x49\x20\x66\x00\x00\x00\x00\x49\x45\x4E"
"\x44\xAE\x42\x60\x82"
}
};

static const binfile_t banner_col = {"banner_col.png", 357, {
"\x89\x50\x4E\x47\x0D\x0A\x1A\x0A\x00\x00\x00\x0D\x49\x48\x44\x52\x00\x00\x01\x10\x00\x00\x00\x18\x02"
"\x03\x00\x00\x00\x4F\x40\x4A\x5F\x00\x00\x00\x01\x73\x52\x47\x42\x00\xAE\xCE\x1C\xE9\x00\x00\x00\x04"
"\x67\x41\x4D\x41\x00\x00\xB1\x8F\x0B\xFC\x61\x05\x00\x00\x00\x06\x50\x4C\x54\x45\xFF\x00\xFF\xF8\xFC"
"\xF8\x2F\x1E\xE2\x05\x00\x00\x00\x09\x70\x48\x59\x73\x00\x00\x0E\xC4\x00\x00\x0E\xC4\x01\x95\x2B\x0E"
"\x1B\x00\x00\x00\xE8\x49\x44\x41\x54\x38\xCB\xED\xD3\x41\x0E\x84\x20\x0C\x05\xD0\xBA\xE0\x08\xBD\x0F"
"\x2E\xDC\x43\xD2\xDE\xFF\x2A\xF3\x3F\x20\x3A\x09\xA2\x0B\x97\x36\x46\x11\xE5\x59\xA0\xCA\x17\xC3\x50"
"\xF7\x34\xE8\xF6\x28\xC1\x1E\x23\xFE\x02\xB2\x10\x41\x36\xD1\x4A\x73\x75\xB7\x40\x16\x88\x26\x36\x33"
"\x9F\xA6\x8B\x4F\xB5\x08\xDE\x5E\x39\x10\x0C\x32\x08\x70\xD8\xCC\xA9\xBD\x31\xC9\x8B\x39\x73\xB4\x55"
"\x64\x43\x0B\x17\x6F\x08\x5A\x39\xFB\xDE\x77\x8D\x20\xCB\x05\x00\x11\x78\xBC\x75\x1E\xC1\x16\x17\xE3"
"\x17\xB2\xE3\x49\xE9\x9B\x23\xE9\x40\xA2\x08\x2E\x8A\xB4\xC2\x8E\xE0\x44\x44\x9F\x21\x9C\xCE\x3F\xC2"
"\x55\xBA\x45\xDC\xAF\x10\xF1\xCD\x84\x0B\x7B\x20\xEA\xC3\x98\x64\x82\x22\x4C\x52\xB6\xF8\xC9\x74\x6C"
"\xBC\x26\x15\xE1\x92\x3C\x41\xB8\x8B\x83\xDD\x01\x12\x1B\xD2\x76\x67\x82\x70\x0E\xBD\x12\x4E\x75\x02"
"\x5D\xE4\x54\x27\x53\x44\xF6\x8A\xD5\x32\xBA\x57\x6C\x47\xD6\x5A\xB1\x73\x44\xDB\xBF\xA3\x65\x74\xFF"
"\x77\xCA\xE4\x2A\xA2\xF7\xC8\x17\xAF\x87\xC8\x0F\x29\xDC\x77\xEA\x78\x55\x55\xFD\x00\x00\x00\x00\x49"
"\x45\x4E\x44\xAE\x42\x60\x82"
}
};

static const binfile_t banner_doom = {"banner_doom.png", 296, {
"\x89\x50\x4E\x47\x0D\x0A\x1A\x0A\x00\x00\x00\x0D\x49\x48\x44\x52\x00\x00\x01\x10\x00\x00\x00\x18\x04"
"\x03\x00\x00\x00\xC0\x00\xBF\xFF\x00\x00\x00\x01\x73\x52\x47\x42\x00\xAE\xCE\x1C\xE9\x00\x00\x00\x04"
"\x67\x41\x4D\x41\x00\x00\xB1\x8F\x0B\xFC\x61\x05\x00\x00\x00\x09\x50\x4C\x54\x45\xFF\x00\xFF\xFF\xFF"
"\xFF\xF8\xFC\xF8\x18\x07\x33\xFD\x00\x00\x00\x09\x70\x48\x59\x73\x00\x00\x0E\xC4\x00\x00\x0E\xC4\x01"
"\x95\x2B\x0E\x1B\x00\x00\x00\xA8\x49\x44\x41\x54\x48\xC7\xED\x95\x4B\x12\xC3\x20\x0C\x43\xED\x9E\xC0"
"\x3A\x42\xB9\xFF\x21\x8B\xB1\x4B\x52\x27\x8B\x6C\xA2\x66\x81\x98\x20\x26\x1B\x3F\x7E\x42\x96\x96\x2E"
"\x4A\x01\x58\x0E\xF6\x3E\xFA\xFC\x45\x03\x81\x0F\x8A\xFF\x07\xA4\x97\x2B\xAE\x50\x9B\x8B\x44\x51\x4C"
"\xFC\xF0\x05\x88\x41\xA8\x20\xEA\x85\xAB\x77\x90\xDC\x2C\x32\x88\x14\x77\x10\xE5\x83\x8C\xC3\xB0\x73"
"\x07\xD1\x27\x80\xC0\x74\x34\x02\x41\x6B\xED\x2D\x73\x2B\xCE\x40\xD0\x9B\xBC\xDA\xCD\x4A\x1C\x8D\xCC"
"\x08\x80\x5E\x17\xD3\xFD\xCA\x50\x63\x64\x03\xD0\x1F\x57\xD0\x41\x46\xE1\x1A\x25\xF6\xC5\xA2\x81\x44"
"\xA4\x1F\x82\xD5\xF1\xA8\x97\x26\x01\xCA\x53\x13\x89\xC2\x06\x39\x79\x7C\xF9\x20\x4B\x4B\x4F\x97\xC8"
"\x07\x96\x62\x1D\x1E\xC9\x7C\x66\xF1\x00\x00\x00\x00\x49\x45\x4E\x44\xAE\x42\x60\x82"
}
};

static const binfile_t banner_favorite = {"banner_favorite.png", 343, {
"\x89\x50\x4E\x47\x0D\x0A\x1A\x0A\x00\x00\x00\x0D\x49\x48\x44\x52\x00\x00\x01\x10\x00\x00\x00\x18\x04"
"\x03\x00\x00\x00\xC0\x00\xBF\xFF\x00\x00\x00\x01\x73\x52\x47\x42\x00\xAE\xCE\x1C\xE9\x00\x00\x00\x04"
"\x67\x41\x4D\x41\x00\x00\xB1\x8F\x0B\xFC\x61\x05\x00\x00\x00\x09\x50\x4C\x54\x45\xFF\x00\xFF\xFF\xFF"
"\xFF\xFC\xFD\xFC\x01\x78\x6E\x79\x00\x00\x00\x09\x70\x48\x59\x73\x00\x00\x0E\xBF\x00\x00\x0E\xBF\x01"
"\x38\x05\x53\x24\x00\x00\x00\xD7\x49\x44\x41\x54\x48\xC7\xED\x94\x5B\x0E\xC4\x20\x08\x45\x61\x56\x00"
"\x5B\xE8\xFE\x17\x39\xCA\x05\x1F\x69\xCC\xF4\xA3\x98\xF9\xF0\xF6\xA1\x15\x53\x4F\x78\xD1\xD1\xD1\x33"
"\xB1\x16\xC9\xD2\x48\xDB\xF4\x13\x64\x17\x8B\x81\xAC\x8D\xFB\x9C\xB2\xF4\xC6\x43\xFB\x6B\xF2\x83\xCC"
"\x2D\x75\x5E\x1E\x36\x17\xA9\xD8\xA5\x7D\x41\x53\xA1\xF0\x73\x04\xC8\xCE\x8C\x60\x75\x10\x0E\x1A\xCD"
"\x0C\x93\x6A\x47\xF0\x77\x65\x11\xF2\x65\xDC\xCD\x98\x0D\x52\xC4\xC3\xB9\x36\x98\x57\xBC\x6E\x60\x4C"
"\xD2\x55\xD4\xAA\xB7\x8E\xC4\x12\x65\x52\x09\x3C\x4E\xD8\xA2\xC8\x22\xFA\x5C\xAF\x0B\x34\xEE\x6D\x9C"
"\x35\x83\xD0\x0C\xC2\xB9\x29\xC2\x1E\x16\x64\x82\x44\x22\xCC\x20\xBE\x37\xB5\x6A\x02\xA4\xD7\x6D\x27"
"\xB8\xA5\xE8\x16\x10\x1E\x1A\x08\xA1\x60\xC6\xCC\x15\x67\x4D\xD3\xD0\x46\xC4\xBF\x30\x6F\xB5\x63\x69"
"\xAA\xF9\x6D\x24\x1A\xAB\x34\x10\x6A\x4C\xE1\x24\x2C\xE8\xB6\x6E\x7F\x74\xF4\x97\x22\xFA\x02\x64\xEE"
"\x1E\x9A\xF1\xE9\x6E\x42\x00\x00\x00\x00\x49\x45\x4E\x44\xAE\x42\x60\x82"
}
};

static const binfile_t banner_gb = {"banner_gb.png", 397, {
"\x89\x50\x4E\x47\x0D\x0A\x1A\x0A\x00\x00\x00\x0D\x49\x48\x44\x52\x00\x00\x01\x10\x00\x00\x00\x18\x04"
"\x03\x00\x00\x00\xC0\x00\xBF\xFF\x00\x00\x00\x01\x73\x52\x47\x42\x00\xAE\xCE\x1C\xE9\x00\x00\x00\x04"
"\x67\x41\x4D\x41\x00\x00\xB1\x8F\x0B\xFC\x61\x05\x00\x00\x00\x06\x50\x4C\x54\x45\xFF\x00\xFF\xF8\xFC"
"\xF8\x2F\x1E\xE2\x05\x00\x00\x00\x09\x70\x48\x59\x73\x00\x00\x0E\xC4\x00\x00\x0E\xC4\x01\x95\x2B\x0E"
"\x1B\x00\x00\x01\x10\x49\x44\x41\x54\x48\xC7\xED\x95\x51\x0E\xC3\x20\x08\x86\xE1\x06\x70\xFF\xCB\x4E"
"\xE1\x07\x6C\xD3\x64\x66\xC1\xA4\x0F\x23\x69\x05\x25\xF2\xA9\x88\xF4\x97\xF7\x8B\x4E\x19\x2D\xDB\x7F"
"\x98\x62\x86\x60\x04\x43\xDE\xED\x1A\x7C\xD0\xD5\xCA\xB1\x03\x32\x7B\x5C\x39\x02\xA2\x1A\xE1\x32\x66"
"\x06\xB9\x81\x68\x7A\x1B\x33\xC0\x9B\x84\x3D\xD2\xF8\x71\xAD\x19\x38\x15\x89\xDD\x12\x06\x9F\xCC\xB6"
"\x7D\x43\x68\x0F\x84\x1C\xC4\xAD\xD4\xBB\x64\x99\x0D\x59\x90\x47\xB0\x82\xAC\x1B\x61\x20\x95\xBD\x6D"
"\x20\x39\xDB\x9C\xFD\x0B\x08\xA1\xC3\xB4\xD6\x0D\x59\xCE\x99\x57\x10\x0E\x10\x8C\x47\x42\x5F\x40\x9A"
"\xEF\xEE\xA2\xB1\x7D\x62\x47\xC0\x96\x8D\x57\x10\x89\xFD\x83\x6F\x1B\x43\x2D\xF1\x37\x10\xD6\x0E\xA9"
"\x1D\x61\x8F\x11\x9B\xEF\x2A\x67\xD9\x22\xA4\x34\x3B\x1D\xCC\xE6\x93\x79\x02\x49\x9B\x96\xDB\xEB\xB5"
"\x26\x41\xE4\x00\x88\xE7\xE4\x38\x8C\x2D\x90\x7C\x04\xBA\x41\x2E\x21\x18\xAD\xFA\xEF\x56\xCF\xF2\xFA"
"\xC2\xA7\x1D\x44\x36\x41\x32\x33\xF4\x04\x48\xBE\x79\x58\x73\x94\xD0\x1A\x90\x72\x92\x7A\xFC\x7A\xEB"
"\xFB\x14\x3C\xF0\x71\xF8\x78\x6E\xE8\x11\x24\xDC\xE9\x04\x08\xCA\xE7\x0E\x08\x9D\x05\xF9\xCB\xCB\x84"
"\xE8\x03\x29\xF8\x2D\xB7\xBE\xCF\xB8\x4B\x00\x00\x00\x00\x49\x45\x4E\x44\xAE\x42\x60\x82"
}
};

static const binfile_t banner_gbc = {"banner_gbc.png", 519, {
"\x89\x50\x4E\x47\x0D\x0A\x1A\x0A\x00\x00\x00\x0D\x49\x48\x44\x52\x00\x00\x01\x10\x00\x00\x00\x18\x04"
"\x03\x00\x00\x00\xC0\x00\xBF\xFF\x00\x00\x00\x01\x73\x52\x47\x42\x00\xAE\xCE\x1C\xE9\x00\x00\x00\x04"
"\x67\x41\x4D\x41\x00\x00\xB1\x8F\x0B\xFC\x61\x05\x00\x00\x00\x06\x50\x4C\x54\x45\xFF\x00\xFF\xF8\xFC"
"\xF8\x2F\x1E\xE2\x05\x00\x00\x00\x09\x70\x48\x59\x73\x00\x00\x0E\xC4\x00\x00\x0E\xC4\x01\x95\x2B\x0E"
"\x1B\x00\x00\x01\x8A\x49\x44\x41\x54\x48\xC7\xED\x95\x51\x8E\xC3\x30\x08\x44\x99\x1B\xC0\xFD\x2F\xBB"
"\x89\x19\xC6\xB4\x8A\xDA\x50\xED\xC7\xAE\x54\x4B\x71\x70\xEC\xC4\xCF\x30\x10\xFB\xB6\xBF\xDF\xE2\x6C"
"\xC7\x1D\xAB\x3F\x86\xBE\x06\xCE\x19\x4E\xE5\xE3\xB4\xB8\x86\x8F\xB2\xFF\x25\x8E\x3B\x20\xE7\x93\x34"
"\x1E\x40\x0A\xD1\xD0\x80\x10\x63\xBC\x88\xDA\x4E\x7B\x6A\x93\x27\x90\xD0\xEA\xC5\x0C\x4D\x39\xBF\xD4"
"\x39\xA6\x24\xC8\x9D\x8E\x0E\xFB\xCC\xC4\x81\x3E\x8D\x1C\x39\xC8\xE7\xE7\x5D\x0E\x59\x2F\xD7\x98\x26"
"\x4F\x30\x72\x88\xDD\x03\xB1\x04\xC9\x51\xB3\xCF\x40\xAD\x77\xC1\x98\x2E\xCE\x29\xC8\xDE\xCB\xE8\x4D"
"\x85\xA0\x83\x74\x47\x2C\x10\xF9\x7E\xAD\x73\xC6\x4B\x1E\x4A\xAF\xCC\x40\x14\x49\x1E\xE9\x15\x48\x7D"
"\x7C\x59\x72\x65\x49\x08\x5B\xCD\x3E\x06\xD9\x92\x42\x07\x41\x81\x54\x86\x46\x65\x4B\x03\x51\x72\x51"
"\x42\x4E\xB7\x65\xE8\x62\x0A\xD2\x2C\xA4\xEA\x56\x08\x24\xB9\x06\xE2\xD8\xF9\x41\x6F\x55\x38\xCE\x8E"
"\x20\x69\x0E\xB2\xA6\x1F\xF1\x63\x90\xD6\x2F\x10\x82\x79\xB4\xF4\x7F\xD3\xB6\x47\x28\xF9\x72\x7E\x9A"
"\x50\xD9\x32\x4A\x1A\x25\x47\x6B\x73\x2F\x40\x6C\xD4\x2E\x40\x34\xB6\x96\xBD\x59\x6B\xD0\x2B\xC5\x25"
"\x88\xA5\x60\x3D\xA6\xF5\xAC\x34\xC9\xCC\x7F\x0B\xA2\x9F\xC0\x13\x08\xC5\x8A\x63\x09\xF3\x7C\xE8\x92"
"\x87\x2D\xC0\x3B\x13\xF8\xA9\x9E\x29\x7D\xB9\xC6\xFB\x4C\xD4\x61\x54\x52\x86\x2E\xA9\x9A\x7D\x03\x44"
"\xCA\x88\x07\x10\x0A\x2A\x58\x5B\xBC\x54\x8D\x79\x89\x0F\x65\x47\x94\xD8\x9B\xE2\xF7\x89\xAB\xB2\xEC"
"\x1F\x5E\x4D\x31\x5B\x65\x76\x15\x0D\x5C\x92\xAF\xDB\x06\x41\xD8\x25\x48\x2D\xB7\x06\x82\x62\x30\x95"
"\x63\x57\x85\xB3\x31\xC9\x2D\x10\xBB\x02\xA9\xDF\x77\x9A\xFA\x6A\xF0\xFA\xB6\xFF\xDB\xCC\x7E\x00\xC4"
"\x05\x3F\x02\xE0\xBA\x86\x15\x00\x00\x00\x00\x49\x45\x4E\x44\xAE\x42\x60\x82"
}
};

static const binfile_t banner_gg = {"banner_gg.png", 452, {
"\x89\x50\x4E\x47\x0D\x0A\x1A\x0A\x00\x00\x00\x0D\x49\x48\x44\x52\x00\x00\x01\x10\x00\x00\x00\x18\x04"
"\x03\x00\x00\x00\xC0\x00\xBF\xFF\x00\x00\x00\x01\x73\x52\x47\x42\x00\xAE\xCE\x1C\xE9\x00\x00\x00\x04"
"\x67\x41\x4D\x41\x00\x00\xB1\x8F\x0B\xFC\x61\x05\x00\x00\x00\x06\x50\x4C\x54\x45\xFF\x00\xFF\xF8\xFC"
"\xF8\x2F\x1E\xE2\x05\x00\x00\x00\x09\x70\x48\x59\x73\x00\x00\x0E\xC4\x00\x00\x0E\xC4\x01\x95\x2B\x0E"
"\x1B\x00\x00\x01\x47\x49\x44\x41\x54\x48\xC7\xED\x95\x6B\x6E\x03\x21\x0C\x84\x3D\x37\x18\xEE\x7F\xD9"
"\x16\xFC\xC0\x26\x9B\x46\xCD\xBA\x7F\xAA\x58\x89\x08\xF0\x2D\xCC\x82\x3D\x91\x4F\x3C\x8D\x31\x06\xAD"
"\x5D\xBF\x30\x3C\x74\x52\x67\x03\x43\xA6\x64\x3F\x76\x3B\x90\xBE\x22\x5C\x9F\x98\x81\x8D\x25\x84\x89"
"\x42\x7A\xEC\x76\xB0\xEC\x4F\x5B\xD9\xB6\xA1\x94\xAD\x18\x62\x90\x89\x16\x21\xD0\xB3\xD5\xA3\xE6\xF7"
"\x8A\xC4\x6C\xD7\x90\x4D\x66\x6C\x4D\xEB\xFC\x26\xD8\x21\xA4\x2C\x32\x65\xE8\x6B\xCE\x77\x5E\xBD\x03"
"\x43\xC2\xA1\x8C\x24\xEC\xFD\x40\x39\x56\x42\x4F\xDD\x84\x20\xEE\x29\xDD\x41\x16\x42\x1D\xEF\x11\x82"
"\xDA\x51\x0D\xD8\xA7\x53\xB1\x2C\xC4\x89\xB2\xC6\x2D\x21\xD0\x3C\x78\x25\x64\x62\xD7\x42\xD8\x24\x84"
"\xB6\xCD\x78\x14\x62\xC9\x1A\x18\xDD\x59\x34\x47\x95\x68\x38\x90\xB5\x03\x76\x0E\x9C\x42\x74\x2C\x61"
"\xB5\xC8\xD9\xE1\x22\xFA\xAE\x7A\x1B\x71\xCD\x59\x08\x92\x47\x38\x76\xDA\x87\xDB\xDA\x78\x3F\x4C\xCE"
"\xF2\x0D\xB7\x8F\x51\xAA\x37\xDD\x43\x60\x7E\x59\x6A\x1F\x46\xB0\xC7\x57\x59\xB2\xEE\x10\xC2\x2B\x2C"
"\xFA\x8D\x36\x52\x77\xE0\xAF\x84\x6C\x3F\xEB\x32\xD6\x48\x88\x9F\x85\x28\xB6\xB3\xB4\x5B\x88\xFD\x83"
"\xEC\x7A\xBC\xCE\x11\xC7\x34\x47\x98\x8A\xBD\x45\x08\xBC\xD9\xA5\x71\x56\xAF\xF0\xC0\xBC\x78\x9A\x8D"
"\xF5\xA5\x10\xC8\x83\x10\xFE\x81\x10\x2F\xE6\xDD\x52\x1D\x7F\x56\x67\x14\xFA\x81\xF9\x0C\x17\x89\xF0"
"\x82\x4F\xFC\xA7\x10\xF9\x02\x0F\x4F\x1E\x64\x34\x6D\x13\x09\x00\x00\x00\x00\x49\x45\x4E\x44\xAE\x42"
"\x60\x82"
}
};

static const binfile_t banner_gw = {"banner_gw.png", 429, {
"\x89\x50\x4E\x47\x0D\x0A\x1A\x0A\x00\x00\x00\x0D\x49\x48\x44\x52\x00\x00\x01\x10\x00\x00\x00\x18\x02"
"\x03\x00\x00\x00\x4F\x40\x4A\x5F\x00\x00\x00\x01\x73\x52\x47\x42\x00\xAE\xCE\x1C\xE9\x00\x00\x00\x04"
"\x67\x41\x4D\x41\x00\x00\xB1\x8F\x0B\xFC\x61\x05\x00\x00\x00\x09\x50\x4C\x54\x45\xFF\x01\xFF\xFF\xFF"
"\xFF\xFC\xF6\xFC\x2E\x26\xB7\x2C\x00\x00\x00\x09\x70\x48\x59\x73\x00\x00\x0E\xC4\x00\x00\x0E\xC4\x01"
"\x95\x2B\x0E\x1B\x00\x00\x01\x2D\x49\x44\x41\x54\x38\xCB\xE5\xD3\x3B\x72\xC4\x30\x08\x06\x60\x28\xE8"
"\x53\x84\xFB\xE0\xC2\x3D\x9A\x81\x4B\xFA\x94\xF9\x41\xEB\x8C\x9B\x44\xDA\x7A\x55\x68\xF6\x21\xBE\x01"
"\x81\xE8\x03\x97\xEE\x1C\x4A\xC3\xE6\x44\x42\xEC\x89\x2F\x1C\x1D\xC9\x4E\x2A\x67\x86\x64\xB0\x89\xFD"
"\x6F\xE0\x10\x55\x44\xC7\x15\x22\xA5\x2A\x89\x53\x2A\x10\xCD\x5C\x23\x38\x44\x15\x41\x89\xBD\x91\xF3"
"\x46\x22\x81\x24\xE9\xB1\x44\x70\xC8\x2A\x82\xF1\xC1\xAB\x12\xE1\x46\xD4\x91\x98\x29\x8A\x93\xB1\x42"
"\x50\x48\x55\xFF\x44\x66\x26\xE9\x32\x0A\x41\x8E\xBC\x81\x54\x3A\x8E\xAB\xC0\xDE\x08\xEE\x60\x22\x07"
"\x90\x0A\x5F\x22\xF3\xEF\x00\x72\x72\x34\xC2\x89\xDF\x94\x87\xA3\x39\x2F\x24\x73\x03\x61\xAF\x7E\x62"
"\x9F\xDD\x11\x94\x23\xC3\x13\xC2\x0E\x72\x5D\x62\x8C\x59\x00\x12\x22\xD6\x08\xFA\x5A\xC8\xE1\xF1\x44"
"\xAE\x3F\x57\x67\x52\x88\x15\xA2\x2F\x84\x0B\xA9\x7A\x42\xB6\xEF\x84\x6B\xA0\xD0\x4F\x51\xEA\x3B\xF9"
"\xA6\xA8\xE9\xE1\x1C\xF9\x4E\x77\x50\x85\x8B\x4B\xDC\x48\x65\x12\x9C\xC7\x3B\x08\x37\x62\x0F\xA4\x06"
"\xA7\x9A\x84\x72\x90\xD6\xD6\xC4\xE2\x0E\xC9\x7B\xCE\x1D\x39\xA0\x92\x11\x8D\x68\x23\xB9\xF9\x76\x66"
"\x38\x0E\xDE\x0F\x10\x99\x18\x07\x5C\x20\xBB\xAF\xB8\xC2\xE3\x17\x41\x73\xBE\xFA\x49\x47\x23\x9C\xB6"
"\x46\x28\x57\x07\x3E\x69\x11\xFD\x00\x02\x5C\x70\xBB\x77\x13\x7A\x02\x00\x00\x00\x00\x49\x45\x4E\x44"
"\xAE\x42\x60\x82"
}
};

static const binfile_t banner_lnx = {"banner_lnx.png", 367, {
"\x89\x50\x4E\x47\x0D\x0A\x1A\x0A\x00\x00\x00\x0D\x49\x48\x44\x52\x00\x00\x01\x10\x00\x00\x00\x18\x04"
"\x03\x00\x00\x00\xC0\x00\xBF\xFF\x00\x00\x00\x01\x73\x52\x47\x42\x00\xAE\xCE\x1C\xE9\x00\x00\x00\x04"
"\x67\x41\x4D\x41\x00\x00\xB1\x8F\x0B\xFC\x61\x05\x00\x00\x00\x06\x50\x4C\x54\x45\xFF\x00\xFF\xF8\xFC"
"\xF8\x2F\x1E\xE2\x05\x00\x00\x00\x09\x70\x48\x59\x73\x00\x00\x0E\xC4\x00\x00\x0E\xC4\x01\x95\x2B\x0E"
"\x1B\x00\x00\x00\xF2\x49\x44\x41\x54\x48\xC7\xED\x95\x5D\x0E\x84\x20\x0C\x84\xDB\x1B\xC0\xFD\x2F\xBB"
"\xC8\x4F\x3B\xAD\xBA\x89\x9B\xD1\xEC\x83\x7D\x30\x80\x05\xBE\xD0\x19\x90\x37\xFE\x3C\xB4\xB6\x28\xAD"
"\x51\x57\x03\x7F\x88\x8C\xEF\x8C\x2D\xA1\x8F\xAF\x4C\x4D\x93\x18\x20\x1A\x49\xD6\xB8\x22\x89\x8F\xC0"
"\x1C\x0E\x07\xAC\x35\xD6\xF7\x3D\x7B\x67\x9C\x40\x41\x10\x27\x61\x72\xE0\x62\x48\xB2\x9A\xED\x17\xEC"
"\x36\x1B\x48\xC2\xE2\x40\x10\x28\x0E\x28\x07\x65\x12\x33\x37\x12\x1A\x47\x38\x5E\x23\x09\xF5\x02\x99"
"\xA4\x4C\xDE\x71\x48\xD6\x9B\x3B\x05\x4A\xE4\xD5\x09\x62\x2E\x4A\x45\xD1\xEC\x95\xA8\xC1\x1A\x4C\xEC"
"\xC3\x2D\x4B\x84\x4A\x92\x94\xAF\xC9\x0B\x13\xC4\x2E\x15\x53\x50\x19\x8E\x62\x20\x9C\x59\xF0\xC8\xC5"
"\x56\x22\x17\x6B\xAB\x0C\x9A\xED\xF7\x38\x3E\x91\xC4\xE1\xBD\x9E\x76\xA7\x58\x73\x24\x30\x03\x49\x5B"
"\xDF\x4F\x72\x06\x12\x9E\x00\x2D\x7C\x12\xC5\x72\x95\x2F\x20\xF0\x2A\xEA\xEE\xF1\x7B\x14\xC4\x6E\x93"
"\x99\x42\x26\xB9\x00\xA2\x29\x83\x4B\x72\x01\x64\x77\xDD\x3D\xE0\x9D\x37\xDE\x10\x91\x0F\x80\xB7\x29"
"\xE7\xAD\xA8\xF4\x26\x00\x00\x00\x00\x49\x45\x4E\x44\xAE\x42\x60\x82"
}
};

static const binfile_t banner_md = {"banner_md.png", 347, {
"\x89\x50\x4E\x47\x0D\x0A\x1A\x0A\x00\x00\x00\x0D\x49\x48\x44\x52\x00\x00\x01\x10\x00\x00\x00\x18\x02"
"\x03\x00\x00\x00\x4F\x40\x4A\x5F\x00\x00\x00\x01\x73\x52\x47\x42\x00\xAE\xCE\x1C\xE9\x00\x00\x00\x04"
"\x67\x41\x4D\x41\x00\x00\xB1\x8F\x0B\xFC\x61\x05\x00\x00\x00\x09\x50\x4C\x54\x45\xFF\x00\xFF\xFF\xFF"
"\xFF\xFF\xFE\xFF\xB1\x1A\xD2\x59\x00\x00\x00\x09\x70\x48\x59\x73\x00\x00\x0E\xC4\x00\x00\x0E\xC4\x01"
"\x95\x2B\x0E\x1B\x00\x00\x00\xDB\x49\x44\x41\x54\x38\xCB\xED\x94\x4D\x12\xC3\x20\x08\x85\x61\xC1\x11"
"\xB8\x8F\xB9\x81\x0B\xB9\x64\x4E\x59\x78\x92\xBF\x4E\x3B\xD1\x4E\x97\x79\x0B\x87\x38\xF2\xE9\x43\x0C"
"\x3D\xFA\x28\x36\x57\x89\xB1\x89\x15\x52\xC3\x4C\xF3\xC0\xA7\xAD\x92\xE0\xEB\x46\x02\x08\x96\x2A\x72"
"\x7B\x1A\xD8\x4B\xC2\xEA\x1D\xC4\xB0\x13\x48\xBE\x3E\x20\x07\x95\x13\x56\x46\xDC\x54\x1C\x27\x36\xAD"
"\x6A\x3D\xC6\x34\x87\xC5\x21\x37\xB1\x8D\xE6\x18\x42\xCC\xB0\xC0\x61\x91\xEE\xF5\x2F\x08\x47\x62\xDA"
"\xB1\x8C\xE1\x32\x0A\xAB\x36\xE0\x47\x50\x43\xCD\x5B\xE5\x84\xB4\x19\xC8\xBA\x3A\x24\x13\x6B\xDE\x8C"
"\xF6\x92\x5E\x21\xEB\x77\xE1\x24\x4B\x26\x52\xF6\x08\xE2\x69\x3B\x9E\xBC\x15\x36\xDA\x46\xB7\xB6\x10"
"\x34\x9B\x6B\x1A\xA2\xBF\x41\xF6\x1B\x69\x1B\x64\xEF\xE1\x80\xC8\x90\x9D\x9E\xFE\x0E\xE1\x7E\xD1\x63"
"\x6F\x07\x90\xAA\xF9\x76\x76\x48\xD1\x99\xB7\x23\x47\x9B\xD1\x09\x42\xF9\x83\x18\x7B\x3B\x8F\x2E\x22"
"\x7A\x01\x22\xDB\x99\x69\x04\xD6\x56\x7B\x00\x00\x00\x00\x49\x45\x4E\x44\xAE\x42\x60\x82"
}
};

static const binfile_t banner_nes = {"banner_nes.png", 332, {
"\x89\x50\x4E\x47\x0D\x0A\x1A\x0A\x00\x00\x00\x0D\x49\x48\x44\x52\x00\x00\x01\x10\x00\x00\x00\x18\x04"
"\x03\x00\x00\x00\xC0\x00\xBF\xFF\x00\x00\x00\x01\x73\x52\x47\x42\x00\xAE\xCE\x1C\xE9\x00\x00\x00\x04"
"\x67\x41\x4D\x41\x00\x00\xB1\x8F\x0B\xFC\x61\x05\x00\x00\x00\x06\x50\x4C\x54\x45\xFF\x00\xFF\xF8\xFC"
"\xF8\x2F\x1E\xE2\x05\x00\x00\x00\x09\x70\x48\x59\x73\x00\x00\x0E\xC4\x00\x00\x0E\xC4\x01\x95\x2B\x0E"
"\x1B\x00\x00\x00\xCF\x49\x44\x41\x54\x48\xC7\xED\x94\x59\x0E\xC3\x20\x0C\x44\xED\x1B\x30\xF7\xBF\x6C"
"\xBD\x01\xA1\xA2\x52\x55\xB9\xC0\x07\x4E\x14\x5B\x30\x0A\x8F\x89\x09\xDD\xB8\xF1\x55\xA0\xC8\x2D\x8F"
"\xD9\xC4\xD2\x00\x1A\x08\x63\x98\xD8\x01\x42\x06\x03\xBD\x83\x4B\x8A\xC2\x58\x09\x03\x43\x50\x02\xB0"
"\x5C\x54\x4B\xE3\x19\x3D\xFA\x33\x48\x09\x14\x36\x10\xD4\x72\x03\x08\x3F\x41\x62\xE4\x00\x90\x8D\x8E"
"\x50\x07\x21\x6F\x56\x2F\xD6\x35\xAB\x76\x65\xCE\x9B\xB4\xB7\x7E\x0F\x3A\x2B\xEC\xAC\x22\x52\x89\x0F"
"\x22\x6D\xC3\x51\xE3\xA1\x08\xB9\xCD\x85\xDC\x0E\x5A\x0E\x88\x18\x2B\x6F\x96\xCC\xFA\x5F\xF3\x2C\x49"
"\x16\xB3\x87\xE6\xAA\xE8\x72\xAD\x7D\xC8\x24\x29\x20\xBE\x45\x05\xD0\x2D\xCE\x40\x9A\x82\xA8\x3B\xE7"
"\x3A\x20\x0F\x64\x74\x44\xCE\x49\x5B\x60\xE6\x08\x85\xB0\x02\xE7\x39\xC2\x7D\xBF\x1F\x1C\xE1\x37\x47"
"\x82\x54\x13\x27\x3A\x72\xE3\xC6\xF1\x41\xF4\x02\x21\x3A\x1B\x2A\xFF\x2D\xA5\xD2\x00\x00\x00\x00\x49"
"\x45\x4E\x44\xAE\x42\x60\x82"
}
};

static const binfile_t banner_pce = {"banner_pce.png", 339, {
"\x89\x50\x4E\x47\x0D\x0A\x1A\x0A\x00\x00\x00\x0D\x49\x48\x44\x52\x00\x00\x01\x10\x00\x00\x00\x18\x04"
"\x03\x00\x00\x00\xC0\x00\xBF\xFF\x00\x00\x00\x01\x73\x52\x47\x42\x00\xAE\xCE\x1C\xE9\x00\x00\x00\x04"
"\x67\x41\x4D\x41\x00\x00\xB1\x8F\x0B\xFC\x61\x05\x00\x00\x00\x06\x50\x4C\x54\x45\xFF\x00\xFF\xF8\xFC"
"\xF8\x2F\x1E\xE2\x05\x00\x00\x00\x09\x70\x48\x59\x73\x00\x00\x0E\xC4\x00\x00\x0E\xC4\x01\x95\x2B\x0E"
"\x1B\x00\x00\x00\xD6\x49\x44\x41\x54\x48\xC7\xED\x56\x5B\x0E\xC3\x30\x08\xB3\x6F\x00\xF7\xBF\xEC\x30"
"\x0F\x4D\x93\xB6\xCF\x86\x4A\x9D\x85\x28\x55\x3E\xE2\x1A\x87\x14\x7F\xFC\x00\xDD\x3D\x1E\xCA\x2A\xDD"
"\xB0\x04\xE6\xE6\x99\xA9\xF7\x35\x22\xA5\x42\x66\x11\x21\xB6\x20\x16\xC6\x0C\xEB\x36\xAD\x80\x8E\x24"
"\xA2\xDA\xF6\xE4\x48\x22\x11\x65\x51\x5B\xF3\x07\xCA\x22\x4D\x84\x50\x35\xD6\xAD\x05\x1E\xEB\x55\xB9"
"\x34\x77\xA3\xC2\x3A\x55\x9F\xA4\xD1\x19\x99\xD8\xDF\x1D\x61\x43\x04\xD2\x05\x7D\x86\xFC\x90\x71\x58"
"\x4D\x49\x5D\xF2\xF8\x34\x07\x06\x25\x1D\xA5\xAC\x2E\x46\x99\xA3\x9A\x92\x75\x4B\x42\x35\xC4\xAA\x60"
"\xAC\x10\x7E\x29\x86\xCD\x90\x92\x2B\x3C\xE9\x68\xE7\xC8\xC5\x68\x61\xC4\xD5\x80\x67\x4F\x93\x91\x64"
"\xE1\xF2\xF9\x46\x44\x7A\x9D\x27\xE2\x33\x53\xFA\xF2\x09\x39\xEA\x46\x5C\xC4\xEA\xB0\x7F\x43\x93\x05"
"\x37\x40\x8E\x54\xDC\x00\x06\xAC\xFD\x0C\x7C\xC0\xFD\x1E\x3C\x1E\x0A\xE0\x05\x8E\xB4\x13\x4B\xA6\x5B"
"\x35\xA2\x00\x00\x00\x00\x49\x45\x4E\x44\xAE\x42\x60\x82"
}
};

static const binfile_t banner_recent = {"banner_recent.png", 441, {
"\x89\x50\x4E\x47\x0D\x0A\x1A\x0A\x00\x00\x00\x0D\x49\x48\x44\x52\x00\x00\x01\x10\x00\x00\x00\x18\x04"
"\x03\x00\x00\x00\xC0\x00\xBF\xFF\x00\x00\x00\x01\x73\x52\x47\x42\x00\xAE\xCE\x1C\xE9\x00\x00\x00\x04"
"\x67\x41\x4D\x41\x00\x00\xB1\x8F\x0B\xFC\x61\x05\x00\x00\x00\x09\x50\x4C\x54\x45\xFF\x00\xFF\xFF\xFF"
"\xFF\xFD\xFD\xFD\x77\xBD\x34\xD8\x00\x00\x00\x09\x70\x48\x59\x73\x00\x00\x0E\xBF\x00\x00\x0E\xBF\x01"
"\x38\x05\x53\x24\x00\x00\x01\x39\x49\x44\x41\x54\x48\xC7\xED\x94\x6D\x12\x84\x20\x08\x86\xE1\x06\x72"
"\x85\xEE\x7F\xC8\x55\xBE\xC4\x4A\xB7\x74\xDA\xD9\x1F\xBD\xD3\xB8\xAD\x04\x3E\x02\x0A\xAF\xFE\x5C\x48"
"\x59\x5F\xBE\xA1\x14\xDE\xB3\x52\x3B\xD5\x86\x5B\x02\x49\x23\x8A\x23\x08\x3D\x06\x42\x23\xFB\x09\x48"
"\x7A\x00\xA4\x44\x1C\x79\x67\x7B\x34\xF3\x3B\xA5\xAE\xC7\x30\xB9\x97\x40\x90\xD3\x12\xC6\x3C\x49\xE5"
"\xE1\x55\xBD\x2D\x02\x88\x97\x88\x59\x79\x9E\xD2\x1A\x48\x8E\x52\x2A\x94\x0E\x63\x0E\xEC\x20\x92\x84"
"\x0A\x22\x5D\x2E\x86\xE8\x31\x0D\xE2\x35\xB7\x14\x78\x70\x9E\x55\x43\x04\xC1\xC0\xD6\x8C\xE5\x59\x06"
"\x81\x10\xD0\xEA\xA2\x35\x40\x23\x02\xEF\x6D\xD4\x3F\x6A\x88\xDE\x93\xD2\x6B\x44\xE2\xDB\xA6\x9B\xA4"
"\x83\x2C\xA6\x4B\x84\x43\x83\xF2\x95\x55\x89\x24\x59\x13\x0C\x5B\x96\xAD\x75\x0F\x44\xA6\xA8\x03\xB2"
"\xDD\x94\x65\x04\x76\x9D\x68\xBB\x6A\x40\xD0\x8E\x83\xFF\x68\x0B\xB1\x21\xB6\x0F\x4C\x4A\xBD\x6B\xA8"
"\xBA\x77\x6B\xC3\x1E\x08\x9C\x80\xD0\x2A\x88\xA7\xBF\x29\x85\x1F\x1A\xBD\x27\x1C\x44\x3E\xC4\x7A\x81"
"\x88\x07\xA7\x69\x52\xEC\xA9\x15\x87\x38\xA2\x77\x82\x9E\x58\xE7\x36\x10\xBD\x3B\x38\x80\xFB\x2D\x83"
"\xC8\x0D\xA0\x1B\x27\xCD\x83\xEC\xF8\x1C\x44\xAF\x51\x35\x90\x78\x2F\x5C\xAC\x17\xD5\x6D\xC2\xF9\xEE"
"\x9C\x53\xB7\x09\xE9\xB7\x20\xDD\xDA\xD3\xE3\xB5\xD8\xAF\x77\xD7\xF0\x6A\x5A\x00\x1F\xFB\x48\x28\xD1"
"\xF5\xFD\xB3\x15\x00\x00\x00\x00\x49\x45\x4E\x44\xAE\x42\x60\x82"
}
};

static const binfile_t banner_sms = {"banner_sms.png", 495, {
"\x89\x50\x4E\x47\x0D\x0A\x1A\x0A\x00\x00\x00\x0D\x49\x48\x44\x52\x00\x00\x01\x10\x00\x00\x00\x18\x04"
"\x03\x00\x00\x00\xC0\x00\xBF\xFF\x00\x00\x00\x01\x73\x52\x47\x42\x00\xAE\xCE\x1C\xE9\x00\x00\x00\x04"
"\x67\x41\x4D\x41\x00\x00\xB1\x8F\x0B\xFC\x61\x05\x00\x00\x00\x06\x50\x4C\x54\x45\xFF\x00\xFF\xF8\xFC"
"\xF8\x2F\x1E\xE2\x05\x00\x00\x00\x09\x70\x48\x59\x73\x00\x00\x0E\xC4\x00\x00\x0E\xC4\x01\x95\x2B\x0E"
"\x1B\x00\x00\x01\x72\x49\x44\x41\x54\x48\xC7\xED\x96\x51\x8E\xC3\x20\x0C\x44\x3D\x37\xB0\xEF\x7F\xD9"
"\xC5\x33\x36\x41\x51\x55\xAD\x16\x1A\xED\x47\xFD\xD1\x06\xD2\xE2\x97\x19\x6C\x62\xDF\xF8\xE7\x11\x19"
"\x86\xFC\xF4\x1A\xD8\x18\x3E\xCE\x01\xE5\xE6\xA7\xA3\x41\x12\xEA\xE1\x50\xC6\x52\xA0\xD3\x23\x34\x91"
"\x50\x78\xC1\x84\x0F\x70\x4A\x0C\x50\x0C\xD7\x80\x40\x4C\x85\x58\x5D\x8A\xF5\x4F\x8D\x7C\x8C\x28\x20"
"\x10\xEE\x11\x0D\x32\x91\x43\x20\x4E\x55\x6E\x20\xE3\x1E\x3E\x00\xC2\x8C\x43\x8C\x39\x20\xDD\x0A\x52"
"\x5F\x25\x55\x30\x7B\x5E\x8D\xF9\x64\x8A\xBC\xB2\x5D\xB7\x28\x82\x51\x91\x5C\xDA\x55\x42\xB5\x49\xC6"
"\x3D\x90\xA0\xBC\x83\x13\x11\x13\x89\x7E\xE6\x04\xC2\x37\x0B\x4D\x8B\xDD\x40\x32\x15\x41\x32\x4B\x83"
"\xF0\x82\x33\xA5\x4A\xD4\x3C\x85\x8C\x5D\x97\x52\x51\x5C\x96\xA4\xE8\x9D\x9F\x20\x7A\xD2\xBA\x11\xE5"
"\x61\x2A\xA5\xDD\x73\x04\x64\x76\xB2\x52\x42\x8A\xE4\x83\x13\xC4\xAD\xA5\xA1\x3D\x51\xE2\xD1\x01\x94"
"\x23\xDE\x96\x99\x74\xFC\x53\x5C\x38\x7E\x07\x29\xC9\x1B\x44\xC0\x2E\xBB\xBA\xE3\x48\x93\xFE\xDD\xBE"
"\x35\x66\x97\x13\x73\x2B\x94\xDC\xB9\x76\x0B\x6F\xB8\x40\x50\x88\x66\x07\x41\xE2\x52\x44\x7D\x44\x85"
"\x11\x2C\x1B\xAE\x2D\xAC\x06\xF1\xA8\x3E\x32\xEE\x7B\x81\xE0\x14\x88\xAD\x9D\xD5\x25\x4B\xD8\x04\x31"
"\x15\xAE\x73\x1B\xB8\x9A\x2D\xBB\x9E\xDA\x4D\x9C\xA9\x9A\x8C\x3E\x5A\xD4\x94\xA6\x4F\xF3\xAC\x91\x44"
"\xCC\x1F\x50\x99\xB1\xB7\xB2\xD1\xE5\x96\xE5\x74\xEC\x35\x92\x58\xCE\xFF\xDE\xF6\x75\xE6\xBC\x7F\x42"
"\x1C\x3E\xF7\xAA\x80\xD6\xF7\x91\xDF\x80\xC0\x9F\x7F\x63\x79\x19\x78\xFE\x85\xE5\x1B\x4F\x87\xD9\x0F"
"\x61\xA4\x28\x20\x7F\x8C\x90\xBB\x00\x00\x00\x00\x49\x45\x4E\x44\xAE\x42\x60\x82"
}
};

static const binfile_t banner_snes = {"banner_snes.png", 479, {
"\x89\x50\x4E\x47\x0D\x0A\x1A\x0A\x00\x00\x00\x0D\x49\x48\x44\x52\x00\x00\x01\x10\x00\x00\x00\x18\x04"
"\x03\x00\x00\x00\xC0\x00\xBF\xFF\x00\x00\x00\x01\x73\x52\x47\x42\x00\xAE\xCE\x1C\xE9\x00\x00\x00\x04"
"\x67\x41\x4D\x41\x00\x00\xB1\x8F\x0B\xFC\x61\x05\x00\x00\x00\x0C\x50\x4C\x54\x45\xFF\x00\xFF\xFF\xFF"
"\xFF\xF8\xFC\xF8\xF4\xF8\xF4\xFC\x2A\x4F\xA6\x00\x00\x00\x09\x70\x48\x59\x73\x00\x00\x0E\xC4\x00\x00"
"\x0E\xC4\x01\x95\x2B\x0E\x1B\x00\x00\x01\x5C\x49\x44\x41\x54\x48\xC7\xCD\x96\x61\x92\xC3\x20\x08\x85"
"\xE1\x06\x70\x85\xEC\xFD\xEF\xB8\x02\x0F\xD4\xB4\x93\xFD\xB1\xB8\x5B\xA6\xA3\x2D\xB1\x79\x5F\x88\x3E"
"\xA5\x4F\x0B\x1D\x41\x2A\xE3\xC3\xF6\x6D\x34\xE2\x29\xBB\x44\x96\x95\xE8\x35\x2E\x20\x89\xA1\xE3\x7F"
"\xCD\x20\xA6\xAA\xA5\x15\x0A\x6C\x78\xAE\xEA\xBD\xAA\x41\xD6\x8F\xA0\xE9\x04\x19\x82\x68\x42\x97\xA2"
"\x3E\x77\x90\x18\x53\x49\xD4\xEA\x3C\x08\xB9\x26\x03\x84\x7D\x00\x40\x72\x68\x2F\x88\xDF\x9F\x37\x1A"
"\x3C\xFB\x23\x08\x65\x59\x5A\x41\x5C\x47\xB2\x36\x77\x10\x9A\x20\xB2\x26\xB3\x70\xED\x20\x59\x9B\x7C"
"\x76\xB2\xF9\xE8\xAA\x3E\x1D\xB2\x5A\x48\x9E\x00\xC1\xB4\xFB\x09\x44\x5E\x40\x62\x58\x57\xF8\xFA\x48"
"\x10\x49\x10\x7B\xF7\xCA\x00\x61\x2C\x10\x07\xE1\x93\x20\xE5\x67\xC2\x8B\x3F\x0C\x4D\x05\x48\x50\xB8"
"\xC7\x20\x99\x34\x7D\xC1\xFA\x0C\x22\xEF\x40\xA4\x13\xE4\xBA\xAE\xAF\x05\x84\xCA\xE1\x39\x1D\xFE\x09"
"\x04\x65\xB1\xBB\xFC\x32\x0A\x08\x22\xE1\x09\x9B\xB1\x0E\x4D\x17\xB4\xBE\x8C\x35\x92\x94\x13\xB8\x31"
"\x54\xA6\x95\xDD\x40\x14\x20\xBA\x82\xE8\x1F\x38\x3C\xED\x0E\xBF\x82\xF0\x1D\xE4\xA0\xC3\x4F\x90\x30"
"\x56\x01\x88\xAC\x20\x91\x3C\xEC\xF0\x44\x9B\xC3\x43\x73\x82\xC8\x92\x3C\xEA\xF0\x44\x9B\xB1\xDA\x32"
"\x81\xE0\xDC\x0F\x91\xEC\x07\x91\xC5\xE1\x5F\x41\x72\xCB\x9F\x0E\x5F\x9B\x41\xB3\xB1\x72\x1D\xB5\x00"
"\x92\xFE\x70\x07\x49\x1B\x49\xEB\x8B\x53\xDA\x07\x80\xC8\x01\x10\x34\x92\x20\x58\x0D\xDB\xD1\xB9\x40"
"\x68\x05\x69\xF5\xB3\x7F\x0E\xA2\x6F\xD3\xF2\x39\xF4\xE0\x43\xB8\xA2\x00\x00\x00\x00\x49\x45\x4E\x44"
"\xAE\x42\x60\x82"
}
};

static const binfile_t logo_col = {"logo_col.png", 1225, {
"\x89\x50\x4E\x47\x0D\x0A\x1A\x0A\x00\x00\x00\x0D\x49\x48\x44\x52\x00\x00\x00\x2E\x00\x00\x00\x32\x08"
"\x03\x00\x00\x00\x14\x73\x19\xE5\x00\x00\x00\x01\x73\x52\x47\x42\x00\xAE\xCE\x1C\xE9\x00\x00\x00\x04"
"\x67\x41\x4D\x41\x00\x00\xB1\x8F\x0B\xFC\x61\x05\x00\x00\x00\xC3\x50\x4C\x54\x45\xC7\xCA\xCD\xC5\xC7"
"\xBF\xD0\xD0\xD1\xC4\xC2\xBF\xE9\xE9\xEA\xF5\xF8\xF4\xF8\xF8\xF8\xF1\xF0\xEF\xF8\xFC\xF8\xA5\xA3\xA7"
"\x6C\x65\x65\x60\x60\x62\x76\x4E\x48\x87\x81\x7A\xBA\xB6\xB1\xC3\xBE\xB8\xCF\xCF\xD0\xAF\xB0\xB0\x28"
"\x26\x26\x0B\x0A\x0A\x24\x17\x14\x3E\x1B\x0C\x66\x44\x1E\x4D\x4B\x4A\xE9\xE6\xE0\x3F\x42\x19\x27\x30"
"\x0C\x49\x53\x26\x20\x20\x1F\x3E\x41\x43\x0A\x2A\x3B\x27\x2A\x30\x8F\x98\x9E\xAA\x7A\x80\xBA\x68\x44"
"\x9B\x4F\x2C\x30\x2B\x27\x68\x93\x52\x44\x6D\x7E\x33\x86\xA8\x97\x99\x86\x4F\x33\x1D\x61\x5D\x1B\x17"
"\x17\x15\x1E\x1C\x21\xAE\xA8\x8D\xE0\xE4\xE8\xC1\xD5\xE8\x30\x31\x33\x17\x1B\x1C\x70\x6C\x20\xDA\xDD"
"\xDB\xE0\xE2\xE0\x56\x57\x59\x20\x22\x28\x10\x14\x18\x75\x76\x77\xE0\xE0\xE8\x71\xAB\xEF\x92\xCA\xF8"
"\x5A\xA7\xF4\x26\x75\xD3\x37\x90\xF6\x1C\x7C\xF2\xB0\xB4\xB8\xB5\xA8\x6B\x94\x00\x00\x00\x09\x70\x48"
"\x59\x73\x00\x00\x0E\xC4\x00\x00\x0E\xC4\x01\x95\x2B\x0E\x1B\x00\x00\x03\x8F\x49\x44\x41\x54\x48\x4B"
"\x8D\x96\x89\x7A\xA2\x4A\x10\x85\x81\xAB\x08\x02\x1A\x1B\xB0\x65\x13\x8C\x26\xC1\x40\x62\x33\x8A\x66"
"\xC4\x60\xDE\xFF\xA9\x6E\x55\xB3\xB8\xCF\xCC\x39\x1F\xD8\xE2\xF1\xEF\xEA\x02\x41\x41\x10\x05\x41\x42"
"\xA3\xAA\xD1\x43\x0B\xFF\x41\xB6\xD3\x95\xBB\xB2\xDC\xED\x80\x7A\xB2\xC2\xDD\xAD\x5F\x15\x59\xAE\xF7"
"\x98\xE9\x49\x10\xEF\x28\xA8\xAE\xDA\xEF\x6B\xBA\x31\x18\x0E\x45\x51\x94\xE4\x9E\x00\x2F\x5C\x02\x57"
"\x8F\x87\x7A\x4F\x82\xD4\xC5\x81\x3C\x22\xA6\x65\xD9\x63\xDB\xB6\xAC\xF1\x98\x4E\x44\xC7\x75\x5C\xCF"
"\x73\x7D\x37\x98\x4E\xC3\xE9\x34\xE2\x71\xB9\x89\x2B\x91\x19\xCC\x66\xCF\x73\x5B\x9F\xCF\xAD\x45\x30"
"\x11\x7D\x08\x7B\xAE\xF7\xF2\xF2\x3A\x7D\x7B\x7B\x9D\xF6\xAB\x54\x4B\x8F\xCD\x85\xAE\xCF\xC7\xF6\xFC"
"\x79\x6E\xD9\xCB\x38\x76\xDD\x77\xCF\x4B\xEA\xF8\xDB\x54\xAB\x52\x2D\x5D\xA0\xA9\x95\xDA\x4B\x1B\xB4"
"\x84\x92\xBC\x77\xC7\x71\x3C\xC7\x75\xB1\x18\x50\x74\x45\x97\xA5\x58\xD3\x8C\x8F\x99\xAE\xCF\x3E\x4E"
"\x8A\xE3\x38\x52\xA3\x28\x52\x3F\x79\xFA\x44\x57\x64\x21\x98\x1A\xBD\xD8\x75\x8C\x0F\x03\x15\xC7\xB8"
"\x9F\xE1\x4E\xAD\xFA\x02\x3A\xC5\x95\xC9\xAB\xE9\xC4\x9E\xE9\x41\x4B\x9C\x25\x16\xC4\x05\xFD\xB2\x2C"
"\xB5\x8E\x9C\xD1\x15\x65\x15\x98\x9E\xC9\xB4\xC4\x81\x55\x8E\xC7\x96\x35\x7F\x7E\x86\xB6\xC6\xAA\x6E"
"\x56\x6D\x04\x9D\xC7\xBB\x51\x66\x26\x71\x9C\xFC\xFA\xF5\xFE\x6E\x2D\xA1\xFF\x73\x1D\xE2\x82\xAC\xB5"
"\xF1\x0B\xBA\xD2\x79\x71\xB5\xF5\x87\xE7\x41\x53\xC6\xFA\x78\x6C\x2F\xEC\xA5\xBE\x94\x64\x23\x68\x8A"
"\x39\xD1\x7B\x1B\x90\x30\x10\xD6\xD2\xE0\x52\x6B\x38\x2A\x6D\xAA\xC5\xB6\xF4\x49\xEE\x6F\xFD\x2D\xB9"
"\xE3\xEA\x68\x5E\x75\xB2\x89\x1B\x09\xF1\x53\xEE\x2C\xCD\xD2\x14\x33\xF8\xFD\xDA\x3E\xD9\x19\x32\xA4"
"\x5A\xBA\x91\x61\x2E\xD9\x92\x0C\x3F\xCF\x76\xB0\x87\x23\xAD\x43\x5F\xE3\x17\x6E\x13\xFF\xF2\x53\x16"
"\x90\x8C\x10\xA6\xE5\xB9\x16\x5A\x90\x49\x92\xAC\x35\x49\x35\xAC\xE6\x9C\x1E\xD2\x2F\xB6\x0B\x59\x9E"
"\xD3\x9C\x06\xD9\xA9\x92\xCA\xDA\x04\x63\x27\xBA\x9F\x04\x5F\x41\x02\x71\xCA\xE3\x84\x2C\xC2\xD6\xE4"
"\x0E\x1D\x19\x61\x55\x0C\xCB\xB2\x2D\x09\x4F\x22\x50\xFB\x15\x1D\x7B\xE1\x2F\x42\x9F\x81\x88\xFF\x0F"
"\x74\xB6\xCD\x42\x16\xD2\x20\x80\x35\xFF\x95\x9E\x32\x4A\x49\x4A\x78\xED\x0C\x7B\xF4\x37\x3A\x35\x28"
"\x74\x06\x6B\xCF\x29\xD2\xEB\x9E\xE0\x8A\x6E\xE9\xBE\x45\xE8\xF6\x9C\x4E\xF8\x32\x40\x3E\x8C\xEF\xF4"
"\x1D\xCE\x28\xD4\x8E\x7D\x67\xDB\x14\x57\x1E\xD2\x1C\xDE\xC1\x2C\xDB\x5B\x7A\x78\x7E\x45\x91\x70\x01"
"\x1B\x8B\x86\x83\x61\xC4\xE0\x13\x76\x43\x67\x75\x17\x42\x98\x01\xCC\x65\x8C\x46\x23\x83\x8F\x6E\xE8"
"\x24\xD9\xD5\xC6\xBA\xA1\xF3\x14\x7E\xD3\xA3\x91\x1A\x19\x14\x8E\xDC\xD0\x49\xD6\xE4\xD3\x6A\x92\xBC"
"\x0F\x77\x4D\x4D\xEB\xF7\xE9\x2E\xB9\xBD\x66\x48\xD2\x28\x5D\xE0\xEC\x26\x5D\xDA\x78\xFD\xDB\xCB\x07"
"\xF4\xD3\xD5\x8D\xD5\x13\x38\xBB\xB5\xEE\xF4\x3D\xE1\x2B\x7A\xA8\xE4\x8A\x6E\xD6\xA4\x07\x32\xAF\xE9"
"\xFD\xAF\x3F\xA8\xBF\xBB\xA2\xEF\x68\x80\x26\x8C\x05\x38\xB9\x9F\x65\x4D\xA7\x92\x74\xCB\x68\x72\x45"
"\x37\x29\x57\x10\xF0\x0D\xA6\xF7\x4D\x73\x57\x9B\x50\x6A\x5E\xD2\x47\x99\x59\x77\xBD\xB1\x79\x26\x78"
"\x1F\x5D\xD0\x95\x11\x9E\x92\x2B\xF5\x5B\x6B\x86\x84\xF7\xB1\x96\x0E\x77\xBD\xCF\xCE\x1F\x3C\xA9\x9E"
"\x8F\x4F\xF0\x0C\x7C\xA8\xEE\x95\x7B\x1D\x88\xAF\x37\xBF\xEF\x7B\xB5\xBF\x52\xB1\x81\xF8\x66\x33\x41"
"\xAF\xD7\xB0\xF1\x51\xE3\xC3\x77\x79\x38\x96\x87\x7D\x59\x1E\x4A\xFE\x7A\xC4\xA7\xF6\x86\xB3\xA4\x81"
"\x24\xC2\xFD\x7A\xB8\x16\x25\x51\xE2\x47\x3E\x0F\xDF\xFB\xE2\xBB\x00\x68\x51\xE0\x57\x8A\xE2\x5B\x6A"
"\xE9\xF0\x4F\xE2\x67\x30\x52\xD5\xE1\x40\xFC\x19\x34\xF4\x43\x71\x2C\x21\x0D\x75\x1C\xCA\xD5\xEA\x9C"
"\x8E\x54\x78\xF6\x8B\x17\xF4\xA2\x38\x1C\xF7\x05\xD4\x51\xEC\x8B\x15\x16\xC3\x97\xCA\x59\xB7\x2E\xBE"
"\xCB\x12\x8A\x2E\x8F\xB8\xC1\xB0\x3C\x20\x1D\xF2\xF7\xF5\x7B\x75\x29\x69\x85\xF1\x08\x7E\x91\xFF\xA4"
"\x1F\x55\x7D\xFA\x1F\xCF\x5D\xEB\xAF\x0B\x98\x6F\xC1\x00\x00\x00\x00\x49\x45\x4E\x44\xAE\x42\x60\x82"
}
};

static const binfile_t logo_doom = {"logo_doom.png", 2869, {
"\x89\x50\x4E\x47\x0D\x0A\x1A\x0A\x00\x00\x00\x0D\x49\x48\x44\x52\x00\x00\x00\x2E\x00\x00\x00\x32\x08"
"\x03\x00\x00\x00\x14\x73\x19\xE5\x00\x00\x00\x01\x73\x52\x47\x42\x00\xAE\xCE\x1C\xE9\x00\x00\x00\x04"
"\x67\x41\x4D\x41\x00\x00\xB1\x8F\x0B\xFC\x61\x05\x00\x00\x02\xF7\x50\x4C\x54\x45\xFF\x00\xFF\x59\x04"
"\x04\x68\x03\x04\x77\x03\x03\x87\x03\x04\x49\x04\x04\x80\x5E\xAB\x8B\x64\xA2\x85\x59\x99\x8B\x15\x34"
"\xA9\x0F\x0F\xA7\x04\x05\x7B\x60\x9F\x7B\x5F\xA2\x8A\x2D\x5D\xAC\x0E\x2F\xC5\x04\x06\x76\x50\x94\xAA"
"\x75\xA1\x78\x57\x99\x75\x15\x2B\x51\x0F\x5C\x6D\x5A\xA0\x78\x3B\x96\x57\x18\x15\x19\x09\x28\x18\x07"
"\x1C\x09\x03\x1D\x06\x03\x28\x30\x15\x14\x92\x14\x15\x35\x15\x25\x05\x03\x38\x6B\x1A\x14\x53\x22\x5D"
"\x31\x13\x25\x34\x0E\x50\x50\x0B\x2D\x7A\x16\x16\x47\x1B\x18\x77\x19\x0C\x37\x19\x1A\x66\x19\x08\x06"
"\x04\x46\x56\x26\x27\x88\x29\x0B\x53\x25\x0C\x1E\x13\x22\x77\x2A\x13\x46\x28\x17\x43\x1B\x23\x79\x2A"
"\x0A\x6A\x36\x18\x57\x18\x0B\x6A\x23\x09\x7C\x35\x0D\x6A\x44\x1C\xB5\x58\x19\x1A\x0A\x36\x96\x23\x0B"
"\x2E\x21\x0F\x58\x27\x17\x88\x36\x0C\x57\x38\x1B\x74\x36\x29\x19\x0F\x44\x88\x39\x16\x83\x46\x24\x96"
"\x39\x0D\x7B\x49\x1A\x68\x28\x13\x76\x49\x27\x05\x05\x55\x76\x3C\x17\x9C\x47\x0D\x68\x45\x26\x98\x65"
"\x3B\x97\x44\x15\xA6\x48\x0E\xAA\x57\x19\x08\x06\x67\x96\x57\x1B\x35\x28\x26\x27\x27\x18\xB8\x48\x0E"
"\xA6\x4B\x17\x86\x59\x25\x8A\x57\x1C\x36\x2A\x18\xA6\x58\x2B\xC6\x64\x1B\x47\x34\x1A\xBF\x66\x15\x7E"
"\x56\x1D\x47\x27\x26\x88\x4B\x17\xA8\x66\x24\xCE\x4D\x17\xAF\x72\x33\x96\x5D\x28\x65\x3B\x23\xD5\x84"
"\x29\x4D\x30\x38\xB5\x87\x2B\x58\x2B\x38\xE7\x64\x1D\xAA\x89\x35\x56\x3C\x23\x97\x6A\x27\xBB\x92\x2E"
"\xCD\x71\x29\xA6\x6C\x44\xB4\x8B\x35\xC7\x8E\x4C\xA7\x78\x27\x97\x63\x1C\xC5\x71\x51\xC2\x99\x34\x98"
"\x76\x35\xC8\xA8\x49\xA1\x6A\x1B\xB3\x97\x46\x79\x57\x34\xB1\x92\x68\x2D\x29\x24\x9C\x75\x28\x88\x5B"
"\x37\xDA\xC2\x4E\xAD\x72\x47\x57\x44\x28\xD6\xB7\x4A\x96\x83\x46\xB9\x96\x35\xAA\x89\x43\xBA\xA3\x49"
"\xE6\x79\x3E\x48\x38\x26\xB7\xAC\x70\xAB\x93\x50\xCC\xB2\x53\x88\x69\x36\xB8\xA4\x59\x9B\x88\x32\xAB"
"\x94\x35\xE5\xB2\x4A\x7B\x55\x27\x8C\x64\x27\x65\x4D\x38\x57\x46\x37\x8C\x79\x65\x8A\x74\x59\x95\x8F"
"\x74\xAB\x84\x2A\xCF\xB1\x3C\xCC\xB2\x6D\xC7\xA7\x38\x8A\x75\x2F\xE2\xBC\x53\x6A\x53\x37\x6D\x5D\x4A"
"\x92\x6F\x4C\xD9\xC7\x5A\xE4\xCE\x56\xAB\x9C\x8D\x73\x8D\x30\x34\x67\x28\x50\x8E\x3D\xA8\x36\x24\xB2"
"\xAF\xAE\x26\x3A\x18\x1B\x36\x13\x24\x47\x1A\x50\x96\x43\x98\x04\x04\xB6\x04\x05\xAA\x2D\x12\x37\x34"
"\x29\x5B\x54\x49\x77\x68\x5B\x86\x7B\x72\x68\x58\x48\x37\x49\x24\x1E\x44\x16\x2C\x59\x23\x7A\x6B\x33"
"\x57\x53\x39\x29\x55\x1D\x34\x48\x1E\x39\x74\x2C\x4D\x73\x32\x44\x16\x0B\x1C\x25\x13\x3D\x82\x2F\x53"
"\xA8\x48\x44\x88\x38\x65\x53\x2C\xEC\xDD\x61\x14\x29\x0D\x15\x2F\x0E\x1D\x1E\x16\x24\x17\x0C\x1B\x18"
"\x0C\x37\x35\x1B\x38\x6F\x2B\xF3\xB4\x8C\x93\x51\x34\x38\x05\x03\x48\x47\x23\x2D\x4E\x23\x0C\x18\x08"
"\xD8\x8E\x61\xE8\xA3\x79\xB6\x70\x48\xE6\x9B\x6E\x28\x08\x04\x1A\x0C\x07\x90\x2A\x16\x33\x58\x25\xD4"
"\x8B\x5D\xD1\x4E\x29\xD4\x0A\x0C\x55\x58\x29\x89\x2A\x28\xA9\xA7\x91\xDD\x9A\x72\xF2\xD5\xB4\x47\x44"
"\x1E\x4D\x4B\x44\x4B\x44\x38\x6D\x69\x50\x33\x31\x2B\x3E\x3B\x34\x4C\x04\x1D\xDC\xB0\x93\x53\x55\x46"
"\x51\x4B\x41\x6A\x65\x56\xDE\xE9\x24\x7B\x75\x6A\xF5\xF7\x14\x7D\x8A\x63\x67\x9E\x45\x93\x89\x4F\xDB"
"\xE3\xB0\xF7\xEB\x8B\xCD\xC1\xB1\xFD\xF7\xCF\xFD\xF4\xB2\xDD\xD1\xC8\xE4\xDC\xD3\xFE\xFE\xF0\xCC\x3B"
"\x18\xE9\x51\x18\x00\xA8\x67\x58\x00\x00\x00\x09\x70\x48\x59\x73\x00\x00\x0E\xC4\x00\x00\x0E\xC4\x01"
"\x95\x2B\x0E\x1B\x00\x00\x07\xC7\x49\x44\x41\x54\x48\x4B\xB5\x96\xFD\x5F\x53\xD7\x1D\xC7\xEF\x4D\x72"
"\xBB\x4A\xB0\xE2\xD6\x39\xD0\x2B\x5C\x46\xDB\x08\x97\x60\x02\x68\x42\x8C\x44\x22\x34\x81\xA0\x08\x99"
"\x90\x12\x11\x2B\xD8\x58\x42\x0A\x06\x21\x10\xC2\x43\x04\x59\x14\x6D\x7D\x88\x0A\xB5\x1A\x9F\xD2\x2D"
"\x09\x37\x23\x5A\x83\xA2\x82\xC5\x25\x20\xB8\xEB\x53\x49\x26\xD3\xF9\x80\xE2\xAA\x4C\x37\xB7\xD9\x6D"
"\xF6\x87\x7D\xE3\xF6\x0F\xEC\x87\x7E\x72\x5F\x37\xE7\xF5\x3A\xEF\x7C\xCE\x39\xDF\xF3\x79\x9D\x13\xE4"
"\x87\x15\x8A\x32\x40\xCC\xFF\xBE\x98\xA1\x87\xC9\x64\xC1\x27\xF4\x0A\x7D\x87\x3A\x18\x0C\x14\xC5\x5E"
"\xEB\xFF\xC5\xDF\xF8\xD1\x6B\xBD\x39\x23\x8C\xCD\x9E\xF1\x66\x78\xF8\xCC\xF0\x99\x6F\xCD\x8A\x88\x98"
"\x35\x1B\x9A\x33\xC3\xDF\x9A\xF5\xE3\xD9\x6F\x84\x87\xFF\xE4\x6D\xD6\x4F\x67\xCF\x99\x33\xE7\x67\x48"
"\x64\xD4\xDC\x79\xF3\xF0\x79\xF8\xFC\x19\xD1\xD1\xF3\x43\xAD\xA8\x79\x73\xDF\x66\x45\xC7\xE0\x04\x4E"
"\x10\x78\x54\xEC\xCF\x23\xE3\x70\x1C\x67\xBC\xF3\xEE\x5C\x1C\x9F\xFB\x1E\x12\x8B\xBF\xEE\x20\xF0\x58"
"\xCE\x02\x68\x81\x08\x22\x3E\x21\x96\x20\x48\x78\x70\x22\x26\x21\x36\x06\x3A\x13\xC9\x44\xE8\x8B\xE2"
"\x22\xB1\x04\xCE\x49\x8A\x5C\x48\x92\x3C\x3E\x17\x27\xA2\x22\x93\x38\x04\x9E\x9C\x90\x42\x12\x51\xF3"
"\xE3\xE2\x70\x22\x39\x81\xC7\x01\x87\xE4\xE4\x54\xB0\x01\x3C\x81\x20\x52\x16\x2D\xE6\x10\x24\x2F\x89"
"\x8B\xE3\x31\x02\xA1\x60\x1E\xC1\x49\x10\x10\x64\x3C\x57\x20\x20\x00\x4F\x09\xE1\x78\x5A\x32\x0C\x26"
"\x5A\x02\xEE\x04\x4F\x9C\xC4\x01\xF7\xA5\xE9\x04\x1E\xCF\x13\xA7\xCC\x05\x9C\x4B\x12\x31\x49\x12\x1E"
"\x41\x70\x16\x0B\x38\x30\x55\x62\x99\x08\xF0\x0C\x2E\x22\xC0\x71\x29\x7F\x29\x87\x24\x04\xCB\x33\x89"
"\x8C\xF8\x2C\x49\xC8\x7D\x71\xBA\x88\x8C\x7F\x5F\x26\x8D\x22\x92\x53\xD2\x39\x84\x48\x14\x5A\x08\x29"
"\x17\x65\x22\x30\xAC\x54\x92\xCD\x21\xE5\x99\xA9\x39\x72\x22\x26\x47\x91\x09\x96\x29\x99\xB8\x3C\x3E"
"\x35\x37\x93\x20\x39\x29\x2B\x92\x88\xB8\xB8\xD0\x00\xA4\x7C\x61\x26\x22\x25\xC9\x1C\x61\xF6\x52\x51"
"\xFC\xCA\xE5\x69\x71\x44\x4C\x9E\x62\x05\x4E\xF0\x33\x57\x12\xAB\x92\xA5\xF9\x2B\x89\x02\x41\xFA\x4A"
"\x81\x92\x93\x08\xD6\x20\xD1\x2F\x90\x15\x72\x72\x75\x61\x91\x44\x25\x49\xFB\xA0\x58\xAD\xE2\xAF\x29"
"\x59\x1D\x45\x24\xE6\xA4\x91\xF2\xB5\xA5\xEB\xD2\xD4\x92\x9C\xF4\xE2\x15\x92\x54\x29\x29\x07\x9E\x5C"
"\xF8\x21\xB2\x5A\x2E\x4F\x5B\x5F\x96\x2D\x91\x14\xE7\x15\x0B\xCB\x25\x1B\xCA\xF2\x08\x79\xE2\xCA\x62"
"\xB9\xFC\xA3\x7C\x4D\xB1\x24\x2B\x2F\x67\xCD\xEA\x2C\x41\xF1\x5A\x42\x2E\xDF\x48\x88\x3E\x46\x3E\x58"
"\xB5\x2A\xAD\x62\x5D\xB6\x56\x52\xBC\xAE\xB8\x34\x6B\xE9\x86\xCA\xBC\x0C\x79\x62\x5E\xB1\x68\x55\x62"
"\xBE\x6E\x4D\x69\x7E\x5E\xDE\x27\xA5\xA5\xA5\x1B\x96\x6B\x33\x32\xAA\x44\x21\x5C\x9E\x91\x56\xBD\xAE"
"\x54\x5B\xBE\x49\xBF\xA9\x06\x3A\x2A\xF2\x16\x92\x1B\xD7\x6D\x26\x32\x14\x79\xB5\x9F\x54\xEA\x35\x75"
"\x06\x7D\x7D\x59\xC3\xFA\x52\xA1\xB1\x91\x8C\x02\xDC\xA4\x5E\xDF\xD4\x5C\x28\x2C\x6A\x69\x6A\xA9\xAF"
"\x2F\xDA\x24\x6C\xD5\x16\x98\x1B\x0C\x05\x8A\xE6\xB2\x92\x4D\x35\x3A\x5D\xDD\x16\x8D\xBE\xB0\xAD\xBD"
"\xBE\x66\x6B\x47\x86\xE8\x97\x48\xB5\xD6\xD2\xD1\x51\x5D\x54\xA3\xDF\xB6\x7D\x5B\x63\xB5\xA6\xAE\xB1"
"\xB3\x44\xB8\x63\x67\x67\x59\x7D\xC5\xCE\x6D\xFA\x5A\x8D\xEE\xD3\x2D\xB5\x1A\x7D\xDB\x67\xF5\x45\x0D"
"\x06\x45\xC1\x2E\xA4\x41\x62\xFE\xAC\x70\xF7\x9E\xBA\xBD\xD6\x7D\xFB\xF7\x1D\xD8\xAE\xEB\xEA\xD6\xEB"
"\xDB\x1A\x3F\xAF\xD6\x77\x1D\xAC\x3D\xD8\xDD\xB5\xAB\x6D\xAB\x46\xD3\xD4\x56\xD1\x54\xF1\x45\x67\xB9"
"\xEC\x10\x62\x10\xCA\x2A\x77\x57\xD6\x1D\x3E\xBC\xD6\x6C\xDD\x6B\x3B\x62\x68\xEF\xEE\xEA\x3C\xDA\xDC"
"\x71\xAC\xB6\xBD\x5B\xD7\xDE\x5D\x7B\xD4\xB8\xBD\xB6\x61\x6B\x5B\x53\x85\x41\x68\x50\xEC\x01\x7C\x77"
"\x91\x5E\xD3\x55\x61\x15\x5B\xD6\x5A\x6C\xFB\x8F\xEF\x3C\x78\xF0\x68\x47\xAD\xAC\xBA\xFD\x98\xAE\x7B"
"\x8B\xCE\xD0\x99\xBF\xA7\xA9\xBB\xA3\xB6\x2D\xB5\xA1\xA3\xC4\x50\x54\x03\xB8\xA6\x52\xA7\xD7\xD5\x59"
"\x55\x56\xAB\xCD\x66\xDB\xB7\xFF\x84\xFD\xCB\x13\x5D\xD2\xFC\x7A\x7D\x4B\x4B\x43\x4B\x45\x66\xD8\xAF"
"\xF2\x35\xD5\x9D\x6D\x25\xDB\xB7\x57\x1A\x8A\x2A\x43\x78\x93\x4E\xD7\xD1\x6C\x55\x59\x54\x56\xE3\xBE"
"\x5F\x5B\x1D\x4E\x97\xBD\x47\xB8\x40\x5A\x54\xD3\xD1\x59\xC6\xA5\xD8\xEE\xDF\xE4\xD7\x54\x1E\x2E\xD9"
"\xB9\x43\xBF\x45\x07\xEE\x5B\xF4\x7A\xDD\xD6\x4E\xA3\xA5\xD7\xB6\xD7\x73\xF8\xE4\xA9\xAF\x4E\xBB\x5C"
"\xDE\xBE\x1E\x1E\x83\x97\x55\x24\x8D\x66\x51\x54\x04\x3B\x4C\xCA\xE3\x17\x9E\xD9\x5D\x62\xD0\xD5\x1F"
"\x42\x5A\x6A\x75\x2D\x1D\x5D\x25\x16\x8B\xC5\xA6\xB5\xD9\x3C\x67\xFB\xFB\x9D\xE7\x5C\xE7\x2F\x30\x99"
"\xEF\xBD\x0F\x47\x01\xE5\x8E\x70\x47\x50\xE8\x40\xF9\xA2\xF2\x12\xA8\xE8\x21\x64\x57\xFB\xD1\x8A\xA6"
"\x3D\x8E\xC1\xC1\xD0\x6C\x2C\x96\x0B\x17\xBF\x1E\x72\x9C\x3E\x7D\x29\x74\x7E\xC0\xE1\x41\x51\x6C\xB6"
"\x9B\x15\x3A\x32\xCC\x3B\x8E\x1D\xD4\x1F\x42\x7E\xDB\xD9\x54\x53\xE2\xF5\xF9\x7D\xC3\x23\x97\x55\xA3"
"\xAE\xFE\xB1\xA1\x1E\xFB\xE8\x91\x2B\xBF\x83\x63\x07\x70\x16\xC5\xA0\x98\x28\x8D\xA1\xA8\xB1\xA9\xEE"
"\x68\xDD\x55\x64\x6B\x61\xBD\xF0\x9A\xCF\xE7\x74\xF8\xAF\x5F\x77\x5E\x73\xF6\xDB\x2F\x8E\xF5\x98\x6F"
"\x5C\xB9\xB9\x00\x70\x16\x08\xA5\x51\x6C\x04\xC3\xE8\xC8\xEC\xC2\xB3\x4A\x25\xA2\xC8\x4A\x3D\xE7\xF3"
"\xF6\xD9\xBD\x2E\xA7\xB7\xBF\xCF\xDB\x6F\x3F\x6F\x1F\xBA\xF0\xCD\xF8\x95\x6F\xC0\x99\xCD\xA6\x98\x01"
"\x9A\x46\x03\x74\x20\x48\xAB\xCD\x36\xA5\x09\xF9\x3D\x8F\xEB\x74\x7A\x6F\x8D\x0D\x39\x7C\xAE\x7E\x58"
"\x67\x9F\xDD\xEE\xED\x31\xB6\x4E\xDC\xD8\x1C\xC6\x76\x53\x2C\x2C\x08\x3C\x1D\x0C\x8A\xD5\x2A\xD5\xE8"
"\xA8\x02\x71\x33\x2E\xF9\xFC\x8E\x5B\xF6\x5B\x3D\x7E\x67\x5F\xBF\xCB\xE9\xF7\x39\xED\x43\xA7\x25\xB2"
"\x89\x1B\x37\xFF\x70\x1B\x26\x41\x07\x02\x23\xC1\x11\x15\xC0\xAA\xF9\x03\x34\x82\xD2\x77\xFC\x7E\xC7"
"\x35\x97\xC3\x65\xF7\xB9\x60\x42\xDE\xBE\x31\xFB\xC5\x2F\xCB\xF9\xB9\x13\xE3\x57\xFE\x18\xC0\x68\x0C"
"\x70\xB1\x4A\xA9\x52\x8A\x69\x1A\xA3\x11\x3A\x30\x70\xDE\xE7\x77\x8E\x56\x8D\xDF\x75\x5C\xF7\x79\x1D"
"\x57\x6D\xEA\x73\xF6\xAF\xF9\x5A\x75\xEB\xC4\xF8\xBD\x01\x30\x1F\x51\x0E\x8A\x1D\xCA\x11\x3A\x54\x4D"
"\x14\x09\xD2\xD8\x55\x97\xD3\x9C\x9B\x3B\x71\x7F\xFF\xA0\xD3\xDC\xDA\xBA\xB9\x6A\xE9\x88\x18\x5D\x54"
"\xAE\xA8\xDA\x7C\xE3\x88\xC7\x34\xAC\x1C\x1E\x56\x5E\x0E\x80\x33\xB8\xA3\x08\x1A\x08\x04\xEC\x0F\xD4"
"\xCD\xB2\xAA\xF1\x7B\x4A\x75\x6E\xEB\xA6\xD6\x09\x99\xA5\x77\x19\x23\x41\x21\x33\xEE\x9D\xEC\x05\xB8"
"\x77\x24\x78\x19\x16\x8C\x31\x50\x06\xE0\xF0\x2B\xFE\x61\x85\x4A\x9B\xBB\xF9\xA6\x59\xD5\xDC\x6A\x54"
"\x18\xCD\x0F\x2D\x8F\x12\x99\xE8\x00\x7F\x4A\xA9\x54\x4E\x3D\x9E\x0A\x06\x82\x41\x34\x74\x2F\xFC\xE9"
"\x5D\x04\x2E\x06\xD0\x72\xAD\xAA\xF9\xC6\xCD\x6F\xB5\x6A\x63\xAE\xCC\xDA\xFB\xE8\x89\xE9\x2C\x13\xA3"
"\x47\x1D\xCA\x61\xA5\xC9\x12\x04\x8D\x84\xF6\x98\x91\x71\x02\x61\xB2\x61\x56\x28\x33\x5A\xA2\x6A\x85"
"\xBD\xB4\x98\x3D\x4F\x3D\x93\x83\xD3\xA6\x6B\x6A\xBA\x7C\x74\x38\x18\xC9\x8F\x76\x33\xA1\xF6\x18\xC5"
"\xA6\x58\xAC\x77\xFE\x8C\xB8\x23\x18\xB0\x06\x2A\x62\x89\x5A\x52\x35\x31\x6E\x9C\xFA\xEA\xA9\xE7\xD9"
"\x01\x65\xBF\x7D\xE8\x9C\x76\x98\x66\x45\xB8\xD9\x90\x49\x0C\xB2\xC6\x0E\xA3\xA8\x4B\x27\x10\x8A\x0D"
"\x8B\x05\xDC\x9D\xAA\x96\xE5\x56\xED\xED\x7D\x32\x3D\x39\x3D\xFD\x04\xC2\x30\x26\x1E\x70\xBB\x21\x92"
"\x90\x32\x06\x2B\x1A\x76\x98\xA2\xBE\x78\x8E\x50\xB7\x61\xB1\x18\x3B\x2C\x1B\xCA\xA3\x55\x3E\x7E\x38"
"\x39\x3D\x39\xF9\xEC\xD4\x5F\xFA\x6F\x9D\xE7\x87\xC6\x67\x87\x66\x01\x24\x3B\xCC\xED\x8E\xF8\xE8\x39"
"\x72\x9B\x62\x60\x34\x53\x7A\xA1\xCF\xA1\x52\x88\x4D\x05\x0F\x3D\x8F\x9F\x79\x3C\x07\xA6\x1F\x9D\x1F"
"\x5A\xC1\x86\x40\x32\x99\xE0\x1F\x8A\xA6\xDB\xCD\x0E\x9B\x7A\x8E\xC0\x4D\x8A\x61\x77\xEC\x2E\x7E\xB9"
"\xA2\x59\x65\x9A\x9A\x7A\x3A\x09\xFC\xF4\xC9\xBB\x63\x7F\x35\xC8\x96\xA5\xB3\x50\x06\x45\xBD\x0E\x3E"
"\xC4\x8D\xF5\x29\xE0\x18\x8A\x69\xED\x5E\xC5\xEE\x66\x85\x6C\x14\xF0\xE1\xA9\x27\xD3\xD3\x9E\xE9\x17"
"\xDB\xFE\xF6\xF7\x7B\x9F\xE7\xC6\x32\x50\x16\x1B\x86\x40\x19\x2C\x36\x3B\xCC\x78\x06\xC1\x30\x06\xEF"
"\xAC\xDF\x79\xE7\xC1\x83\x07\x0E\xC7\xE0\x94\x49\x39\x7C\xF2\xA4\xE7\xD4\xB3\x7F\xDC\x7F\xF9\xF2\xFE"
"\x77\x8D\xCD\x18\xD8\xC3\x10\x50\x48\x28\xD1\x46\x2B\x02\x45\x8F\xB4\x0C\x5E\xF7\x43\x8A\xFD\x3E\x71"
"\x81\xD2\xE4\x01\xF8\x9F\xFF\xFA\x37\xE8\xE5\x77\xDF\xBE\x58\x06\x17\x3C\x44\x6B\xD1\xAB\x57\x1F\x7E"
"\xFF\xFD\xAB\x8F\x01\x87\x84\x5E\xBE\x0E\x1A\x84\xF4\x04\x02\x26\xD3\xE3\x02\xEB\xC9\xE3\xC7\xEF\x82"
"\x1A\x5F\x9C\x91\x84\x12\x0F\x39\x59\xBC\x80\xBB\x84\xCB\xE5\xFE\xEF\x7F\xC7\x0F\x22\x04\xF9\x0F\xF4"
"\x96\x4C\x21\x0D\xB5\x69\xDC\x00\x00\x00\x00\x49\x45\x4E\x44\xAE\x42\x60\x82"
}
};

static const binfile_t logo_favorite = {"logo_favorite.png", 1123, {
"\x89\x50\x4E\x47\x0D\x0A\x1A\x0A\x00\x00\x00\x0D\x49\x48\x44\x52\x00\x00\x00\x2E\x00\x00\x00\x32\x08"
"\x03\x00\x00\x00\x14\x73\x19\xE5\x00\x00\x00\x01\x73\x52\x47\x42\x00\xAE\xCE\x1C\xE9\x00\x00\x00\x04"
"\x67\x41\x4D\x41\x00\x00\xB1\x8F\x0B\xFC\x61\x05\x00\x00\x00\xC0\x50\x4C\x54\x45\xFF\x00\xFF\x0A\x0A"
"\x09\x17\x16\x14\x46\x46\x46\x4A\x4A\x4A\x49\x49\x49\x37\x36\x35\x4B\x4B\x4B\x26\x26\x25\x5F\x5F\x5F"
"\xC6\xC6\xC5\xEA\xEA\xEA\xDC\xDC\xDC\xBE\xBE\xBE\xB8\xB8\xB8\x90\x90\x90\x50\x50\x50\x83\x83\x83\xEE"
"\xEE\xEE\xF1\xF1\xF1\xBB\xBB\xBB\xAC\xAC\xAC\x9F\x9F\x9D\xC0\xC0\xC0\xFC\xFC\xFC\xAE\xAE\xAE\xD0\xD0"
"\xD0\x2D\x2D\x2C\xE2\xE2\xE2\xF6\xF6\xF6\xF3\xF3\xF3\xB1\xB1\xB1\x75\x75\x75\x6A\x6A\x6A\xF9\xF9\xF9"
"\x42\x42\x42\x55\x55\x55\x8B\x24\x24\xB5\x0F\x0F\xBB\x0A\x0A\x9A\x1B\x1B\x5A\x41\x41\x6D\x36\x36\x81"
"\x29\x29\x4B\x49\x49\xD0\x03\x01\xCD\x00\x00\xC3\x04\x04\x51\x46\x46\xA8\x14\x14\x3C\x3C\x3C\xFE\xFE"
"\xFE\xCC\x00\x00\xF9\x3F\x1D\xFB\x42\x1F\xE4\x20\x0F\xAB\x44\x32\xFA\x41\x1E\x82\x47\x3C\xD8\x10\x07"
"\xD7\xD7\xD6\xFC\x42\x1F\xEE\x2F\x15\x48\x48\x48\x58\x50\x38\x66\x00\x00\x00\x09\x70\x48\x59\x73\x00"
"\x00\x0E\xC4\x00\x00\x0E\xC4\x01\x95\x2B\x0E\x1B\x00\x00\x03\x2C\x49\x44\x41\x54\x48\x4B\xB5\x56\x8B"
"\x76\xA2\x30\x14\x6C\x35\x31\xBE\x50\x04\x6C\xC1\x6A\x15\xB5\x55\xDB\x82\x62\x09\x2E\xEB\xA3\xFF\xFF"
"\x57\x3B\x37\x01\x45\x6B\xCF\xF6\xEC\x63\x0C\x09\x1E\x27\xC3\x64\xB8\x01\x6F\xFE\x10\xB7\x5F\x21\xFB"
"\xBD\x88\x52\x99\x71\x8E\xA6\x3A\x35\x9E\x4E\x59\xE5\x72\x46\x45\xB0\x9C\xA6\xC7\xC2\x29\x67\x4C\x94"
"\x32\x9E\x46\x95\xF3\x5A\xBD\x71\x0D\x4D\xA3\xD5\x6A\x9B\x9C\x9F\xE9\x33\xDE\xB1\x6C\x4B\xB7\xCB\xB1"
"\xEE\x38\x2D\x93\x97\x33\x26\xA1\xC2\xC5\x67\xDA\x71\x74\x1C\xA3\xCB\x59\x46\x25\x94\xF9\x9D\x65\x35"
"\xEA\xF5\xFA\x3D\x0E\xCB\xB5\x41\x53\xD0\x33\xEA\x8E\xE1\x94\x59\x35\xE3\x02\x82\xDD\xDB\x8D\xAE\xD7"
"\xF5\x3C\x1C\x5D\x1B\xFC\x22\x7A\x86\x61\x98\xEC\x21\xE3\x02\x82\x1B\x96\xE3\x75\x41\x05\x3C\xC3\x3D"
"\x57\xEF\x41\xFD\xAF\xE8\x30\xE3\xC0\x89\x06\xE8\x67\xF8\x0F\x66\x4E\x41\x5E\xA5\xC3\x8C\xA2\x23\x9A"
"\x0B\xBA\xFD\x2F\x96\xDA\xCF\x16\xEA\x79\x8D\xEF\x2C\xD5\x6A\xB4\x34\xFA\xEE\x77\x96\x6A\x0D\xDC\x1C"
"\x8F\xBF\xA3\xC3\xCC\xD7\xB8\x6E\xC6\xEE\x5F\x41\xE3\x4B\x33\xC3\x3C\x19\xD5\x3A\xA3\xD1\xC8\xC7\xD8"
"\x1F\x67\xF4\xF2\xA4\x92\xB1\x41\x47\x32\x8A\xA9\x4A\xB2\xEB\x75\xA6\xA6\x69\x62\x3F\x4E\x3B\x43\x17"
"\xB9\xB7\xA7\x4C\xED\xCD\x49\x4E\x37\xAC\x86\x16\xD6\xD2\x26\x7B\x7A\x9E\x3D\xCF\x17\xA2\xE6\xFB\xC2"
"\x9C\x4E\x05\x7B\x99\xCF\x5F\xDF\xF8\x44\xED\x59\xB5\xD4\x3A\x71\x15\xDA\xE6\x22\x08\x83\x20\x08\xC3"
"\xE5\x02\xB2\x8C\xAD\x22\x9C\x03\x4F\x6C\x9D\xAB\x5B\x63\xD7\x7D\xA7\x18\xDF\x5D\x5F\xC4\xA1\x4C\x92"
"\x44\x6E\xE2\x78\x0E\xF6\x0F\x99\x48\x19\xC4\x71\x18\xCF\xCB\xB4\x00\x9D\xCC\x60\x3C\x1E\x0C\xC6\xF8"
"\x98\x51\x98\x26\x29\x41\x06\xE1\xF3\xCF\x54\x4A\x7C\x4B\x02\xD0\xE3\x15\x6D\xF1\xF3\xDC\x3B\x6F\xF1"
"\x06\xDA\x1A\xDB\xE3\xA9\xD4\x76\x72\xF5\xDD\x50\x97\x4C\xB7\xB6\x08\x65\xA6\x0E\xD1\x34\x21\xE9\x14"
"\x17\x08\xA1\xBE\xE4\x19\xDD\xC6\x1A\x55\x32\x77\xB5\x97\x98\x08\xA9\x9A\x73\x6A\x72\x03\x7A\xA0\xE8"
"\x30\xD3\xD0\xDA\x9E\x47\x74\x7D\xF9\xFD\x5E\xF7\x7A\x4C\x36\x30\x13\xE4\x66\xC6\x74\x7B\xCE\xD4\xE1"
"\x43\x4A\x0C\x99\x9F\x82\x3A\x76\x93\x3D\xDE\x69\xD4\xE1\x9D\x7E\x25\xE3\x45\x7A\xB2\x2D\x7A\xA7\xDC"
"\x35\xFC\x95\x4A\x1D\xD0\x26\xF2\x91\x6E\xD5\xFC\x98\x8C\x2E\x6E\x74\xBE\x58\x1E\xAE\xA9\x53\xEE\x2F"
"\xF9\x52\x6D\x6B\xD7\xD3\xE8\x88\x68\x0B\x26\x69\x12\x9D\x96\xB1\xC7\x94\xC3\xE9\x36\x91\x7A\xBE\x54"
"\xEF\x6E\xBA\x0A\xD5\xD5\x8F\x66\x08\xE9\x16\x5E\x66\x22\x2F\x02\x5D\xC0\xAA\x1B\x89\xD9\x46\x9B\xC1"
"\xA1\x7A\x34\x49\x35\xB3\x60\x54\x92\x64\x66\x4C\xCF\x5F\x85\x61\x7B\x8A\x28\x25\x1C\x90\xED\x9C\x4E"
"\x25\x36\x13\xAA\xE2\x49\x7D\xD0\x1C\x7A\xAA\x0C\xD0\x8D\xC4\x72\x8B\x70\xC8\xB2\x9E\x93\xA4\x07\x18"
"\x0F\x17\x5C\x6D\x41\xCE\x5B\xB6\x95\xC5\x48\xE8\xF9\x3C\x3C\x50\x28\xD4\x14\x5D\xC5\x12\x65\xDB\x69"
"\xC2\x7D\x04\xF8\x38\x38\xA2\x2D\x5E\x63\x14\x15\xA9\x2B\x7A\x1A\x82\xBE\x64\x5C\x6F\xD7\x12\xFF\x68"
"\x9E\x72\x47\xDB\xD5\x44\x14\x1F\x48\x7B\x4F\x9D\x24\x27\xF1\x4A\xEF\x25\x80\x33\xD1\xCC\xAA\x5D\x63"
"\x38\x65\xCB\x78\x43\xE9\x80\x8E\x4A\x27\xE3\xF9\xCE\xC6\xFB\x9D\xF1\x8F\x1A\x1E\x15\x27\xF8\x82\x45"
"\x61\x70\x40\xF6\x87\x6D\x8C\xC4\x91\x61\xF1\x5D\x39\xB9\x7C\x55\xBF\x71\xF6\x1A\x13\x94\xF4\x92\x9D"
"\xB4\x15\x6E\xAB\xEB\x73\x4C\x26\x7C\x15\x29\x3E\x4A\x85\x15\x5F\x94\xD7\x51\x2A\xAD\x19\x7B\x8A\x22"
"\x3C\x6E\xF8\xA7\x3F\x11\xD7\x50\xAA\xAE\xCB\xF0\x55\x29\x7D\x87\x4C\x28\x55\x1F\xAA\xC5\x7F\x1B\x37"
"\x37\xBF\x00\x26\x03\xC9\x05\xCC\x56\x29\x87\x00\x00\x00\x00\x49\x45\x4E\x44\xAE\x42\x60\x82"
}
};

static const binfile_t logo_gb = {"logo_gb.png", 1151, {
"\x89\x50\x4E\x47\x0D\x0A\x1A\x0A\x00\x00\x00\x0D\x49\x48\x44\x52\x00\x00\x00\x2E\x00\x00\x00\x32\x08"
"\x03\x00\x00\x00\x14\x73\x19\xE5\x00\x00\x00\x01\x73\x52\x47\x42\x00\xAE\xCE\x1C\xE9\x00\x00\x00\x04"
"\x67\x41\x4D\x41\x00\x00\xB1\x8F\x0B\xFC\x61\x05\x00\x00\x00\xDB\x50\x4C\x54\x45\xC8\xCB\xCD\xC0\xC3"
"\xC3\xD1\xD0\xD1\xC7\xCA\xCD\xC4\xC2\xBF\xE8\xEA\xEC\xF8\xF8\xF0\xF8\xF7\xF8\xF1\xF1\xF0\xD0\xD0\xD1"
"\xF8\xFC\xF8\xF1\xF0\xEF\xCF\xCF\xD0\xF8\xF8\xF8\xEF\xF8\xF8\xC6\xD9\xF8\x84\xA0\xD8\xE0\xE3\xE8\xB9"
"\xCA\xE9\x93\xA4\xC8\xE0\xE0\xE1\x9C\xB3\xE4\xDD\xEE\xF8\x79\x8C\xB4\x39\x5F\xB4\x54\x7B\xCC\x4D\x6F"
"\xBB\x29\x4C\x9A\x6D\xA2\xED\x7D\xB8\xF7\x25\x51\xAF\xC7\xD3\xE0\xB1\xB6\xBD\x59\x70\xA3\x9B\xCB\xF8"
"\xDE\xDD\xD8\xE8\xE6\xE0\x57\x58\x5A\x29\x2A\x2B\x24\x29\x20\x90\x8A\x87\x7E\x7F\x7D\x4D\x4A\x4B\x40"
"\x65\x0F\x48\x67\x1F\x81\x7D\x78\x38\x3A\x3C\xA9\xA3\xA1\x9B\x94\x92\x63\x5B\x59\x82\x2A\x4F\x48\x73"
"\x12\x40\x3E\x38\x61\x61\x61\x53\x84\x15\x50\x7A\x17\x40\x3B\x40\x68\xA0\x22\x4B\x5D\x36\xA0\x9D\x9C"
"\xA8\xA0\x98\x76\x71\x70\x1A\x19\x19\x5F\x22\x43\x08\x08\x0A\x97\x14\x5A\xB2\xB2\xB0\xE9\xE9\xEA\xE0"
"\xE2\xE0\x57\xA8\xF8\x24\x74\xD3\x2B\x88\xF5\xA5\xA3\xA7\xC3\x8E\x43\x1D\x00\x00\x00\x09\x70\x48\x59"
"\x73\x00\x00\x0E\xC4\x00\x00\x0E\xC4\x01\x95\x2B\x0E\x1B\x00\x00\x03\x2D\x49\x44\x41\x54\x48\x4B\x8D"
"\x96\x8D\x9F\xA1\x40\x18\xC7\xD3\x9D\x65\xE7\xF6\x6A\x44\xCC\xE8\x45\xA2\x84\xA8\x58\xBA\x3D\x64\x75"
"\x87\xFB\xFF\xFF\xA2\x7B\x66\xBC\x13\xEB\xF7\xD0\x30\xF3\xED\xEB\x69\x3E\xFB\xA9\x15\x84\x9C\x20\x88"
"\x4F\xD6\xB7\xEF\xC0\xE6\x5F\x0A\xCF\x55\xF1\x15\xF0\x3C\x7A\x3A\x3F\xDE\x04\xF1\x65\xFF\xF9\x89\xFC"
"\x04\x5C\x42\x92\x8C\x31\x2E\x21\xA5\x9C\x47\x72\xB9\x82\xA4\x72\x45\x52\x31\x56\x25\xC4\x8E\x45\x98"
"\xC3\xAA\xC2\xD7\x11\xB3\x57\x6B\x84\xE2\x7A\x4D\x26\x9A\x82\x74\xAD\x86\x0C\x4D\x95\x4D\xCA\x70\x4A"
"\xE0\xBB\xC2\x56\x29\x81\x75\xCA\xED\x98\x34\x24\x94\x97\xCB\x94\x58\x12\xD5\x9A\x70\x9A\xAA\x6A\x7A"
"\x09\xE6\x08\x95\x9B\x94\x36\xAB\xC8\x22\xBA\x69\xD6\xAA\x60\x17\x8A\x04\xA3\x52\xA3\xAA\x68\x06\x33"
"\xD5\x09\x25\xA6\x8A\x4D\x0A\x8B\x15\x93\x50\x53\x27\x16\x42\x0D\xCD\x26\xF5\x3C\xEF\x3D\x5F\xA7\xD5"
"\x9A\x49\xA9\x09\x45\x9B\xB6\x69\x62\x42\x01\x2E\x20\x64\x69\x76\xB5\x49\xCD\xB2\x54\xAD\x35\x15\x4D"
"\x87\x6B\x05\xBC\x60\x6B\x14\x9B\x84\x2D\xB1\x1F\x24\x70\x32\x31\x09\x2E\x4B\x52\x4D\xD3\x75\xA2\x96"
"\x09\xA6\x75\x45\xD1\xD4\xC3\xCE\x34\x30\x2E\xAB\x96\x84\x14\x8C\x2B\x48\x91\xD9\x08\x33\xD0\x31\x1C"
"\x65\x54\x50\xD9\xB1\x01\x6F\x6E\xBF\xDD\xF7\xB3\x19\x68\xE9\x2C\x3B\xFB\xF3\x39\xDA\x8B\x95\x56\x85"
"\xA5\x75\x55\xBB\xB4\x8A\x1C\x3A\xDA\xDB\x8E\xCB\xD3\x71\x3B\x57\xD9\xCD\x3B\x25\xCE\x1F\xEC\x5E\xC7"
"\xEB\xF6\x20\xFD\xAB\xF8\x7D\x36\xDB\xF5\xDC\x01\xBB\x8A\xA3\x7D\x30\x0C\xC2\xC8\x19\x8D\x7C\x7F\x7C"
"\x4A\xBF\x3F\xF6\xFD\xC8\x71\x9C\x30\x78\x9F\xF0\x3F\xDC\x83\xBD\xFB\x1E\x84\x8E\x13\x45\xBE\x3F\x9D"
"\x4E\xF7\x34\xE0\xB1\xEF\x3B\xC0\x87\xC1\xAF\x88\x75\x73\x61\x07\x8D\x03\xF8\xC7\xC7\x34\xDE\x65\x3C"
"\x8E\x63\x9F\xCD\x32\x7B\x9B\x61\x17\xF6\xC8\x89\xFC\x78\xFA\x01\x7E\x9E\x71\xCC\x9A\x79\x6C\x8F\x63"
"\x00\x63\x56\x63\xB0\xF7\x01\xFF\xC2\xCE\x70\x20\xA1\x11\xCE\x7F\x61\xE7\x8D\x03\xC7\x2F\xF5\x4B\x3B"
"\xF0\x7D\xC6\xF2\x17\xC7\x1F\xD9\x7F\xDF\x04\x26\x27\xB3\x7B\xF6\xCC\xEA\x06\x19\xF6\xD9\x84\xE9\x33"
"\x32\x98\x05\x19\xF6\x79\xB8\xC8\x8C\x37\x9B\x67\xDA\xE7\x77\x2B\xD3\x3E\x9B\x87\x5E\x78\x62\xCE\x2A"
"\xCB\x0E\xDD\xF4\xDC\xE1\x0D\xEF\x4D\x16\xF7\x7A\x77\x3B\xC9\xE0\x92\x0F\xBC\xD1\x68\x19\xCD\xB2\xF6"
"\xBD\xE7\x7E\x26\x49\x32\xF4\x4E\xF4\x62\xE2\x4D\x56\xAB\xD1\xD2\xCB\xB0\x7B\xAE\x9B\x7C\xBA\x49\x32"
"\x38\xD2\x93\xD1\xA8\x17\x81\x1D\xF0\x0C\xFB\x30\x49\x80\x76\xBB\x07\x3A\xEC\xAD\x56\xCB\x51\xB4\xFC"
"\xB5\x98\x67\xF7\x0E\xBD\x2C\xBA\xE1\x9E\x9E\x87\x0E\xE0\xD1\xCC\xEB\x86\xD9\xFB\x0E\xFE\x93\x1B\xAA"
"\xBB\x5C\xF6\xF8\x95\xDC\xEE\x0C\x6C\x24\xF8\x07\x60\x9A\x9F\x2A\x84\x7D\xE2\x9F\x82\xE1\xA5\x3D\xED"
"\xB0\x1B\xC4\xFD\x74\xBC\x0B\x3B\x4A\x27\x8F\x12\x79\x02\xBB\x8F\x1D\xED\x70\xD7\x2B\xE5\x1F\x54\x7B"
"\xF7\x7C\x64\x4F\x8F\xBB\x79\xB9\xAA\xE2\x1F\xC0\x2B\x95\x52\x76\xC9\x58\xBF\x08\xB6\xFF\x72\xBC\xCD"
"\xEF\xB5\xEC\xD8\xE6\xB5\x1F\xD7\x9B\xED\x7A\xBB\x5D\xEB\xF0\xDE\x8F\xEC\xA9\x0D\x76\x31\x4D\x73\x39"
"\x4B\x0C\x84\x1C\x0C\x2D\x21\x15\x72\x2D\xB0\xAF\x37\x86\xBD\x31\x0C\xC3\xB6\x6D\x9D\xB2\x71\xF3\xBA"
"\xB3\x8B\x69\x90\x06\x39\x2B\xCD\xCD\xD2\xD4\x82\x82\xB3\xB9\x5D\xB7\xB7\x5B\xDD\xB6\xB1\x61\xAC\xD9"
"\xB8\xD9\xDB\x5B\x82\x98\x13\x44\x71\xFF\xDF\x87\x60\x89\x7B\xBB\xCA\x70\x03\xFA\x30\xE0\x54\x03\x9A"
"\x01\xFB\xA1\xE3\x9B\x32\x28\xEB\xFD\x2C\x6B\x66\x07\xFE\x4E\x1A\x0D\xE5\xA2\x1A\x0C\x0F\x03\xE8\xF5"
"\x99\x58\xC1\xBF\xB7\xFF\x43\x7E\x12\x90\x35\xDD\xEA\xA0\x00\x00\x00\x00\x49\x45\x4E\x44\xAE\x42\x60"
"\x82"
}
};

static const binfile_t logo_gbc = {"logo_gbc.png", 1282, {
"\x89\x50\x4E\x47\x0D\x0A\x1A\x0A\x00\x00\x00\x0D\x49\x48\x44\x52\x00\x00\x00\x2E\x00\x00\x00\x32\x08"
"\x03\x00\x00\x00\x14\x73\x19\xE5\x00\x00\x00\x01\x73\x52\x47\x42\x00\xAE\xCE\x1C\xE9\x00\x00\x00\x04"
"\x67\x41\x4D\x41\x00\x00\xB1\x8F\x0B\xFC\x61\x05\x00\x00\x00\xDB\x50\x4C\x54\x45\xC8\xC9\xCA\xCF\xD0"
"\xD0\xC7\xCA\xCD\xC4\xC2\xBF\xDC\xDB\xD8\xE8\xEA\xED\xF8\xF6\xF3\xF8\xFC\xF8\xF1\xF1\xEF\xEE\xF9\xF8"
"\xDB\xEC\xF8\xD0\xD0\xD1\xBC\xD0\xF0\x53\x77\xC6\xC0\xBC\xC2\x69\x8C\xD5\xE0\xE3\xE9\x63\x76\xA6\x9A"
"\xB9\xF3\xA0\xAB\xC9\x86\x84\xB1\xF1\xF0\xEF\xCF\xCF\xD0\x37\x5A\xAC\xC6\xD2\xDF\x4B\x58\x8F\xF8\xF8"
"\xF8\x78\xAE\xEF\xD7\x8C\x9E\x9F\x3A\x47\xE0\xE1\xE0\xA0\xCE\xC4\x8C\x97\x94\x83\x5B\x9E\x87\xAB\x59"
"\xEF\xF1\xAC\xE2\xCF\x78\xC7\xBB\x58\x38\x84\x71\xEA\xE4\xE0\xB8\xD4\x80\x63\x5F\x5E\x12\x29\x2D\x22"
"\x23\x23\x32\x30\x31\x0A\x0D\x0E\x0B\x5A\x61\x19\x19\x17\x14\x1C\x25\x26\x13\x00\x61\x48\x33\x7E\x4C"
"\x2D\x70\x83\x85\x01\x76\x82\x03\x6F\x7A\x9F\x73\x34\x92\x6A\x3F\x25\x35\x39\x50\x68\x6C\x04\x42\x48"
"\x02\x7F\x8B\x01\x8E\x98\x00\x91\xA0\xB0\xB1\xB0\xE9\xE9\xEA\x63\xAA\xF3\x95\xCC\xF8\xE0\xE2\xE0\x1C"
"\x79\xE9\x37\x91\xF7\xAA\xAA\xAA\xB4\xB5\xB5\xA5\xA3\xA7\xD8\x31\xCF\x5F\x00\x00\x00\x09\x70\x48\x59"
"\x73\x00\x00\x0E\xC4\x00\x00\x0E\xC4\x01\x95\x2B\x0E\x1B\x00\x00\x03\xB0\x49\x44\x41\x54\x48\x4B\x8D"
"\x96\x0B\x97\xA2\x46\x10\x85\x21\x41\x1A\xD8\x06\x44\xC9\x82\x61\x74\x19\xE7\x61\x00\x45\x44\x41\x5D"
"\x70\x5C\x8D\x8F\xFC\xFF\x5F\x94\xDB\x8D\xCF\xD1\xF1\xEC\x2D\xBA\x5B\xBA\x2E\x9F\x65\xC9\x41\x05\x48"
"\x14\x71\x60\xB0\xF9\xAC\xEA\xAC\xCA\x54\x12\xFE\xF8\x53\x10\xA4\x9A\x2C\xCB\x44\xA9\xD5\x54\x52\x53"
"\x64\x99\x0F\xA2\xD5\xB0\x62\x4F\x21\x98\x11\xD8\x93\x65\xE5\x1B\xEC\x35\x02\x51\x5D\xD7\x0D\xCD\x34"
"\x49\xDD\x6A\x90\xA6\xAD\x99\xBA\x8E\x55\xD7\x6D\xAD\x61\xE9\xA6\x69\xAA\xD8\x23\xE4\xAF\xEF\x82\x28"
"\xC3\x6D\x38\x0D\xCD\x6D\x34\x1D\x47\x6B\x3A\x26\x6D\x59\xD4\x69\xD4\x55\xD5\xC6\x6A\x22\x63\x83\xA5"
"\xBB\xB0\xFD\x0D\xBB\x4A\x88\x6A\x35\xD5\xBA\x46\x2D\xCF\xA1\x96\xA3\x9B\x8E\xD5\x70\xF4\xA6\xAA\xE2"
"\xB5\x63\x5A\x2A\x31\xB0\xD5\x60\x35\x90\x8A\xAE\x5A\x36\xAA\x31\x59\xD6\x69\xB4\x1C\x0F\x26\x8A\xFA"
"\x5B\x4D\xD0\x2D\x55\xB3\x3C\x76\xD1\x99\x4E\x5C\xDD\xD4\x9D\x16\xD5\x5A\x8E\xAE\x59\x30\x39\x8E\xD9"
"\x54\x69\xCB\x34\x6D\x6A\x9A\xBA\xA9\x59\x36\xB7\x1F\xE8\x44\xD6\x5C\xEA\xBA\x44\x75\x69\x9D\x48\x9A"
"\x4C\x5D\x4A\x5D\x82\x3D\xAA\x62\x76\x55\x55\xAC\x73\xF7\x91\x8E\x0B\xD8\x55\x6C\x7D\x6A\x1B\x4A\xA7"
"\x2E\x2A\x84\x28\xCA\x0F\xFF\x07\xB2\x87\x0C\xD3\x81\x7E\x92\xFA\xD4\x7E\xB2\x9F\x5B\x76\xF7\xE5\xE5"
"\xF5\xED\xED\xFD\xFD\x9D\x35\xE4\xA4\x33\xFD\xA0\x5E\x5B\x90\x6D\x9B\xB6\xBA\x2F\xAF\xAF\x2F\xB0\xFB"
"\xE8\xF6\x85\x3E\xD1\x65\xD8\x7B\xCF\x76\xB3\xD5\xFD\xE7\xAD\xB2\x5F\xC1\x6E\xE8\x28\xBD\xFD\xFC\x6C"
"\xD1\x6E\xF7\x0D\x7E\x1F\xC5\x1F\x12\x95\x4E\x74\xA5\x23\x75\x98\x24\xC1\x10\x25\xA9\x23\x60\x92\x24"
"\x41\x12\xC5\x6A\x17\x9F\x1C\x3A\xD1\x3B\x41\x18\x46\x5C\xFD\x7E\x84\xA8\x66\x44\xA5\x30\xA8\x3A\x79"
"\xA4\xFB\x83\x38\x8E\x86\x49\x34\x4A\xC7\x5C\xE9\x71\x1D\x25\xD8\x8D\xE3\xC1\x84\xB9\x4E\xF4\x49\x98"
"\xE5\x69\xDA\xEF\x8F\xD2\xE9\x6C\x3A\x1B\x8F\xDB\xED\xF1\x78\x3A\x9D\xCE\xD2\x51\x94\x44\xF3\x3C\x0B"
"\x7F\xF2\x1B\xF7\x48\x9F\x84\x79\xDE\x47\x66\x94\x32\x77\x1B\x6E\x1C\xB3\xE9\x14\xF4\x28\xEC\xE7\x79"
"\xF8\x93\x55\x73\x45\x9F\x87\x49\x32\x0A\xA6\xB3\x19\x0A\x49\x03\x0C\x6E\x3F\xD2\x7B\xCC\x76\x49\x9F"
"\x73\x3A\xAB\x20\x4D\x83\xA0\x9F\x32\x7B\xF0\x88\x1E\x25\xDC\x3E\xF3\x27\x41\x30\xF1\x67\xC1\x6F\xD0"
"\x59\xED\x3E\xD7\x78\x36\x7B\x5C\x3B\xA7\xC3\x0F\x34\xDE\x00\xEE\x8B\xCE\x7C\x41\xE7\xDD\x66\x3A\xF6"
"\xFD\x51\x67\x86\x83\x21\x3B\xCE\xD3\xE0\x6B\xFA\x3C\x42\xEE\x73\xE0\x0E\x98\xDF\xA3\x67\x71\x81\x5B"
"\x85\xDD\x2D\xE1\x31\xAA\xF3\x22\x2E\x6F\xE9\x59\x99\xE5\x71\x5C\x14\xF3\x2B\x15\x71\x1C\xE7\x48\xDD"
"\xD2\xCB\xB2\x5C\x7C\x2C\x3E\xB0\x64\x47\xF1\x9D\x05\xDB\xB9\xA5\x33\x7F\xB9\x40\x9E\xAD\x95\xD8\x59"
"\x75\xFD\x3D\x7A\x36\x0F\x8B\x12\xEE\x8F\x4A\xD5\x2B\x54\xC8\x8B\xB9\xA9\x3D\x8F\xD1\x85\xF8\x02\xCE"
"\xE8\x25\xEA\x2F\xEE\xD1\xC1\x1E\x0C\x93\xA4\xC8\x17\x27\xE5\x71\x16\xF7\x93\x30\xB9\xDB\xF7\x30\x1A"
"\x0C\xD0\xC5\x18\xF5\xF2\x28\xF3\x39\x9A\x88\xEF\x8E\xE5\x6E\xE9\x48\xCC\x19\xBD\xAA\xFC\xE3\xE3\xBD"
"\x88\x92\x70\x1E\x87\x5F\xF4\x3D\x8F\x13\xB8\xB3\xF2\x44\x67\x9F\xA5\xC0\xD7\x81\x96\xDE\xED\x4C\x78"
"\xC1\x66\x9D\x09\x93\x38\xBB\xDF\xF7\x84\xB7\x1D\xCD\x3F\x78\xB9\x4A\x98\x59\x3F\x6F\xE8\xCB\x24\x2C"
"\x1E\x28\x1C\xFA\x57\x74\xB2\x0C\x1E\xCA\x67\x4F\xF0\x33\x1D\x4F\xBD\x7A\xED\x41\xF4\xF8\x63\x06\x74"
"\x41\xF9\x52\xF2\xA7\x50\x7E\xC1\xDE\xE9\xD4\xEF\x07\xF5\xBC\xD5\x55\xAC\xFF\xE5\xF6\x1E\x9E\xBE\x12"
"\x9F\x7B\x3C\x0E\xEB\x6A\xB3\xDD\x6E\xB6\xAB\xD5\xB6\x1A\xDB\xCD\x86\xFD\x6A\x83\x2E\xED\x96\x86\xB1"
"\x17\x77\x82\x60\x08\x7B\x49\xD8\x09\x86\x04\xFA\x6A\xE3\xD1\x8D\xE7\x79\x74\xCD\xC6\x1A\xFE\x6F\x15"
"\x5D\xDC\x41\xC6\x7E\x67\xF8\xCB\xE5\x7E\xB9\xDF\x2D\xF7\x06\xA7\x9B\xEB\xCD\xD6\x5B\xAF\x4D\x0C\x5C"
"\xB6\x3A\xD1\xF1\x6F\x03\x7F\x2B\xD8\x9F\x0F\x41\x12\x84\xBD\x78\xA0\x37\xE8\x76\xB3\xF2\xF8\xD8\xA2"
"\x78\x4E\x3F\x56\x7C\x13\x6B\x7D\xCB\x8A\x67\x07\xEA\x66\x2B\xA3\xC3\x7F\x5F\x75\x17\xBF\xCD\x97\xE1"
"\xC2\x2E\xFA\xBB\xE5\xEF\x69\xBF\xFB\xEF\xFB\xFF\xCC\x3A\x17\x10\xB6\xDA\x92\x47\x00\x00\x00\x00\x49"
"\x45\x4E\x44\xAE\x42\x60\x82"
}
};

static const binfile_t logo_gg = {"logo_gg.png", 1226, {
"\x89\x50\x4E\x47\x0D\x0A\x1A\x0A\x00\x00\x00\x0D\x49\x48\x44\x52\x00\x00\x00\x2E\x00\x00\x00\x32\x08"
"\x03\x00\x00\x00\x14\x73\x19\xE5\x00\x00\x00\x01\x73\x52\x47\x42\x00\xAE\xCE\x1C\xE9\x00\x00\x00\x04"
"\x67\x41\x4D\x41\x00\x00\xB1\x8F\x0B\xFC\x61\x05\x00\x00\x00\xDB\x50\x4C\x54\x45\xC6\xC7\xC8\xC8\xCC"
"\xC8\xC8\xCE\xD1\xD1\xD1\xD2\xC7\xCA\xCD\xC4\xC2\xBF\xE5\xF0\xF4\xF8\xF8\xF0\xF4\xF7\xF8\xF1\xF0\xF0"
"\xD0\xD0\xD1\xF8\xFC\xF8\xF1\xF0\xEF\xCF\xCF\xD0\xD0\xCD\xCF\xF8\xF8\xF8\xD6\xE9\xF6\xE0\xE4\xE9\xC4"
"\xD9\xE9\xAE\xCB\xE0\xBB\xD1\xDF\xB6\xD3\xEA\xCA\xE0\xEF\xA2\xC1\xD6\xE8\xE7\xE3\xE0\xE0\xE0\x62\x61"
"\x60\x1E\x21\x27\x28\x27\x26\x27\x2B\x34\x29\x2C\x28\x15\x1A\x1A\x7C\x80\x82\x08\x0A\x0E\x40\x43\x48"
"\x35\x40\x50\x2F\x34\x3C\x40\x46\x52\x38\x3E\x48\x33\x3A\x45\x1B\x17\x17\x1C\x25\x30\x50\x30\x06\x5B"
"\x45\x1B\x1C\x54\x7A\x4E\x66\x6A\x12\x78\xC8\x46\x88\xC5\x63\xA4\xEC\x48\x81\x95\x00\x00\x01\x45\xC1"
"\xF7\x18\xAF\xF8\xA0\xA1\xA2\x38\x4F\x8C\x17\x7C\xF2\x2B\x91\xF8\x54\xAA\x48\x27\xA3\x7E\x90\x8C\x08"
"\x88\x88\x00\x92\x73\x46\xD8\x88\x10\xB0\xB1\xB0\xE9\xE9\xEA\xE0\xE4\xE0\x7A\xB0\xEE\x9F\xD5\xF8\xE0"
"\xE2\xE0\x57\xA8\xF8\xB0\xB5\xBA\xB9\xB6\xB2\xA5\xA3\xA7\x89\xFB\xB4\xA0\x00\x00\x00\x09\x70\x48\x59"
"\x73\x00\x00\x0E\xC4\x00\x00\x0E\xC4\x01\x95\x2B\x0E\x1B\x00\x00\x03\x78\x49\x44\x41\x54\x48\x4B\x8D"
"\x55\x01\x7F\xA2\x36\x1C\x45\xDD\x51\x9C\xB3\x43\x92\x80\x1A\x29\x86\x84\x20\xA7\xD6\x6A\x6B\xF1\xB6"
"\xDD\xDC\xE9\xD4\x7D\xFF\x4F\xB4\x17\xA4\x56\xB1\xD7\x9F\xEF\x4F\x20\x24\x8F\x97\xC7\x9F\x24\x58\x96"
"\x55\xAB\x37\x6E\x8C\x5F\xBE\x58\x56\xC3\xBE\x73\x6E\x8B\xE6\xAF\x5F\xAC\x9A\xDD\xBA\x19\xBF\xB5\xAD"
"\xFB\xBB\xB2\x7E\x03\x7E\x6F\x5B\x0D\xA7\xD5\xB2\xDD\x56\xCB\xE9\xE0\xEC\xD8\xAE\xED\x76\x6C\xA7\xD3"
"\xC1\x98\x68\x71\x4C\x8B\x29\x1D\xA7\xE8\x37\xEA\x8E\x47\x08\xB5\x09\x61\xD4\xA5\xC4\x23\x28\x68\x60"
"\xAD\x3B\x46\x88\x6F\x53\x12\xF8\x94\x50\xEA\xE2\x8E\x42\xFD\xBE\xE5\x7B\x9E\xEF\xD9\xB6\x4B\x98\xC7"
"\x3C\x8F\x32\xC6\x02\x0F\xBA\x3E\x45\x07\x63\xAE\x0B\x71\xE2\x31\x0A\x8D\x42\xDD\x07\x3B\x70\x3D\x8A"
"\xF0\x5C\xCF\xF7\x4D\x8D\xB8\x0E\x44\x58\x00\x1E\x71\xF1\x10\xD8\x34\x70\x0B\xEF\x94\x51\xE8\x06\x84"
"\x05\xD4\xA7\x9E\x4F\x29\xBA\x31\x1A\xE4\x7C\x78\xF3\x3C\x2F\x20\xC4\x3C\x47\x8D\xF7\x7A\xD7\xB4\x31"
"\x46\x02\x3C\xE1\xC3\x2E\x2A\x8C\x52\xDB\xA5\x8C\x60\x1C\xC2\xF0\x4E\x81\xA1\xC3\x9C\x51\xB7\x7D\xC0"
"\x85\x07\x38\x41\xDD\x86\x35\xDC\x38\xB8\x1E\x9B\x71\x29\xBA\x70\x14\xDE\xCB\xA4\xDE\x80\x32\xEF\x37"
"\xE3\xA4\xDE\xEC\x7D\x8A\x66\x41\x3A\xA9\x77\xFB\x9C\x0F\xC2\x87\x8F\x83\x0F\xA2\x7E\xA7\xE0\xBF\xA9"
"\x0F\x45\x18\xCB\x9F\x87\x12\x43\xC3\x3A\xA9\x0F\xA3\x44\x6A\xA9\x53\xA5\xC2\x0B\xA4\x4A\xA7\x5A\x26"
"\x32\xEA\x77\x0D\xED\xA4\x3E\x4A\xB5\x56\x99\x61\x0C\xB2\xF7\xC0\x6D\x16\x2A\xAD\xD3\xA3\x9B\x33\x75"
"\x25\xB5\x8A\xC3\x28\xC2\xF1\x8E\x30\x12\x3C\x3E\xD2\x2F\xD5\x07\x3A\x4E\xE3\xAF\xE3\x49\x36\x99\x4C"
"\xA7\x8F\xB3\xA7\xF9\x23\x30\x99\x88\xC5\x62\x94\x80\x1F\x56\xD4\xC3\x24\x4D\xD5\x68\x90\x65\x93\xF9"
"\x7C\xFE\xFC\x72\xC4\xCC\xD0\x17\x4A\x4B\x39\x98\x56\xD4\x13\xAD\x42\x74\x0A\xD0\x97\xCF\xE0\x3F\xE3"
"\x34\x37\x74\x91\xA9\xC9\x6B\xD5\x7B\x86\xCC\x84\xFC\x48\x9F\xBF\xBC\xE4\xEF\x74\x1E\xA6\xAF\xA0\x57"
"\xD4\x65\xA2\x53\x2E\x40\x7F\x9D\xCF\x73\x60\x95\xAF\x56\xAF\xA0\x8B\x81\x52\xA9\xAC\x7A\x87\x7A\x22"
"\x79\xB4\x10\x72\xFA\xED\xDB\x1F\x25\xA6\x52\x2C\xA2\x0C\xDF\x43\x3E\x54\xBD\x4B\x0D\xF7\xA0\x8F\xC7"
"\x7F\xFE\xF5\x16\xFD\xB1\x10\x91\x42\x47\x72\xA5\x8E\xEF\x27\x35\x17\x62\xFC\xFD\xEF\x13\xBE\x83\xCE"
"\x75\x92\xAA\x2B\x75\x91\x71\x1E\xEB\xF4\x9A\xAE\x62\x7C\x6D\x55\x55\x17\x4A\x45\x3C\x96\x91\x18\x3F"
"\x8C\xBF\x9E\x22\x16\x91\x96\xA1\x0A\x33\x5E\x9D\x33\x32\xD6\x1C\xD3\x46\x44\xE2\x0C\x23\x01\xE7\x21"
"\xE7\x21\xAF\xA8\x47\x98\x8D\x1C\xF3\x06\xB9\x3C\x83\x71\x0E\xED\x4C\x87\x55\xEF\x21\xCC\xA4\x89\xD6"
"\x7C\x14\xF1\x37\x44\x03\x8C\x97\x86\x68\xBF\xF2\x8E\x5E\xE4\x26\x49\x31\x4A\x5A\x42\x61\x6E\xC9\x10"
"\x5E\xAE\x33\x33\xD0\x21\x5E\x49\xA5\xC8\x0E\x9E\x30\x30\xE7\x18\xB3\x9A\xF3\x87\x8F\xF2\x6E\xD8\x58"
"\x3E\xC9\x39\x8E\x2B\x0C\xEB\xE9\x4A\xBD\x5C\x75\x58\x54\x1F\x20\xAE\xAA\x47\x66\x95\x2A\xC3\x36\x8A"
"\xD5\x48\x47\x95\xBC\x0B\x7E\x54\x37\x8E\xAE\x83\x8B\x4B\xF5\xF5\xC5\xD7\xB9\xC6\x68\x78\xA1\xDE\x5A"
"\xF7\x3F\xC5\xF0\xDE\xEC\x63\x27\x75\xEC\x7A\x9D\xEE\x67\x71\xFC\x3F\x62\x7F\x6F\xFE\x14\x77\x95\x68"
"\xFE\xD3\xB6\x6A\xBD\x1F\x9D\x8F\x83\x6D\x36\x4F\x17\xB1\xFD\xB7\x6D\x59\xBD\x5E\xB7\x88\x5E\xE3\xAD"
"\x56\xC6\xEE\x31\xDF\xE5\xF9\x6E\xB7\x3A\x96\x55\x9E\x9B\xBF\x76\xA9\xDE\xDB\x1F\x1A\x87\x46\xED\xD0"
"\xD8\xD7\x4A\xF5\xDD\xE3\x6C\x9B\xEF\xB6\x4F\xDB\x0D\xCA\x6C\xBB\x01\xFD\x4C\xFD\xB0\x3F\x2C\x0F\xFB"
"\xF5\xFA\xB0\x3F\xA9\x83\x9E\xC3\xC3\xCC\x94\x8D\xA1\x9F\xAB\xD7\x1A\x87\x9E\xB5\xBC\x3F\x53\xDF\x6C"
"\x77\xA0\x17\x65\xB5\xDD\xAE\x2E\xD4\x8B\xA8\x5B\xEF\xF5\xED\x6C\xB5\x32\xBB\x0D\xF6\x1C\x73\x81\x7D"
"\xA8\x5B\x75\xBC\xE2\x09\x3F\xCA\x6B\x01\xFC\x61\x8B\x7F\xB3\x29\xA8\xD7\x3D\xD0\xEB\xCB\xE5\xFA\x36"
"\xEC\x97\xFF\xB5\xFF\x07\x6E\x96\xF0\x3D\x21\x18\xBF\x95\x00\x00\x00\x00\x49\x45\x4E\x44\xAE\x42\x60"
"\x82"
}
};

static const binfile_t logo_gw = {"logo_gw.png", 1045, {
"\x89\x50\x4E\x47\x0D\x0A\x1A\x0A\x00\x00\x00\x0D\x49\x48\x44\x52\x00\x00\x00\x2E\x00\x00\x00\x32\x08"
"\x03\x00\x00\x00\x14\x73\x19\xE5\x00\x00\x00\x01\x73\x52\x47\x42\x00\xAE\xCE\x1C\xE9\x00\x00\x00\x04"
"\x67\x41\x4D\x41\x00\x00\xB1\x8F\x0B\xFC\x61\x05\x00\x00\x00\xC9\x50\x4C\x54\x45\xBD\xC5\xBD\xBD\xCE"
"\xDE\xDE\xC5\xCE\xC7\xCA\xCD\xC4\xC2\xBF\xDE\xE6\xDE\xE6\xEF\xEF\xFF\xEF\xF7\xFF\xFF\xF7\xD0\xD0\xD1"
"\xF1\xF0\xEF\xCF\xCF\xD0\xF8\xF8\xF8\xF8\xFC\xF8\xDE\xC5\xB5\xE6\x9C\x94\xEF\xE6\xD6\xE6\x9C\xB5\xEF"
"\x9C\x7B\xDE\x31\x29\xE6\x52\x4A\xE6\x73\x6B\xE6\x52\x29\xDE\x73\x8C\xCE\x9C\x7B\xB5\x73\x5A\xB5\x52"
"\x5A\xE6\xE6\xBD\xDE\xC5\x9C\xBD\x9C\x7B\xBD\xC5\xA5\x9C\xAD\xA5\x94\x73\x5A\xBD\xB5\xA5\x94\x94\xA5"
"\x9C\x9C\x7B\x73\x6B\x5A\x94\x52\x5A\x73\x29\x19\x31\x08\x19\x52\x29\x19\x52\x08\x19\x94\x73\x9C\xB5"
"\x9C\x5A\x52\x4A\x5A\x52\x6B\x5A\x31\x4A\x19\x73\x8C\x5A\x73\x4A\x5A\x31\x29\x19\x10\x29\x19\x08\x08"
"\x08\xCE\x31\x5A\xA5\x31\x4A\x94\x31\x19\xB5\x31\x19\x94\x10\x19\x94\x9C\x5A\xBD\x94\xA5\xE9\xE9\xEA"
"\x73\xAD\xDE\x52\xAD\xDE\x94\xCE\xE6\xE0\xE2\xE0\x29\x6B\xDE\x31\x8C\xDE\xA5\xA3\xA7\x20\x45\x77\xE2"
"\x00\x00\x00\x09\x70\x48\x59\x73\x00\x00\x0E\xC4\x00\x00\x0E\xC4\x01\x95\x2B\x0E\x1B\x00\x00\x02\xD5"
"\x49\x44\x41\x54\x48\x4B\xCD\x96\xED\x62\x9A\x30\x18\x85\x81\x15\xED\xD6\x0D\x1C\x1F\x0E\x6A\xA2\x20"
"\x58\x65\xB4\x9B\xA8\x74\x73\x13\x87\xBB\xFF\x8B\xDA\x79\x43\xD0\x68\xAD\x73\xFF\x76\xA2\x21\x89\x4F"
"\x1E\x93\x88\xB5\x9A\xA6\xE9\xBA\x71\x65\x79\x73\xA3\x69\x66\xA7\x8B\xDC\x36\x69\xAF\x67\xD3\x79\x7B"
"\xA3\xE9\x1D\xD9\xB9\x22\xEF\xEE\x34\xE3\xA2\xF0\x38\xEF\x81\xFF\x83\xFD\x03\x70\xD9\xB4\xEC\x9E\x61"
"\x7F\xB4\xE8\xBD\x3A\xA6\xF2\x8E\x96\x7D\xE8\x90\x5D\x36\x1D\xD7\xF3\x5D\xDF\x77\x7C\x44\x5C\x6D\x34"
"\x6C\xC7\xF7\xFA\x36\x3A\x62\x09\x5D\xB2\xCB\xC9\x8E\xEB\xBB\x7D\xBF\xEF\x79\x0E\x6A\x31\xC1\x75\x3C"
"\xAF\x4F\x73\xFB\xB6\xDB\x50\xCA\xDA\x6D\xD7\x02\xE6\xC1\x48\xB0\x07\xBB\x4B\x7E\xDF\xEF\x3B\x9E\xE3"
"\x35\xCB\x53\xD6\x7E\x6B\xF4\xD4\x18\xBD\x6E\x73\xC5\x30\x9E\xCD\x07\xA3\xAC\xFD\x9A\xA8\xF6\x2B\xF2"
"\xDF\xD9\xBB\xB7\x3D\x5B\xE4\xD3\x5F\xD2\x93\xE7\x6E\xF8\xC1\xA5\x84\x4D\xEE\x0D\x69\x37\x02\x4B\xA6"
"\x37\x78\x11\xC6\x58\xC8\x51\xB1\xC0\x68\xED\xC7\xB8\x65\x0D\x45\x67\x38\xA4\x0E\x67\xE1\x28\x22\x9C"
"\x2B\xF6\x78\x9C\xA4\x63\xE0\x16\x8D\xC7\x28\xF4\xE0\x31\xF5\x18\x9B\xB4\xF8\xDE\x6E\x98\x63\xD3\x00"
"\xFE\x30\x9D\x65\x6A\xA6\x0F\x9C\x61\xF1\x12\x57\xEC\x9F\x63\xB2\x67\xA3\xA1\x92\x78\x14\x67\x9C\xF1"
"\x68\x72\x6A\x8F\x29\x84\xC7\x92\x14\x49\x46\xC3\x2C\x67\x2C\x11\x5B\x55\xED\x32\x0A\x2E\x1B\x59\x1E"
"\x87\xC9\x44\x6C\xE2\xCC\xC9\x9C\xC3\x79\x14\x49\x5C\xB5\x33\x94\x06\xDF\x4F\x41\x08\x97\x47\x74\x6C"
"\xC7\x08\xF0\x47\x20\xD8\x6E\xFA\xD4\xD0\x29\x70\xBC\x40\x39\xD8\xB9\x80\x91\x41\xF6\x05\x0C\xEC\xE9"
"\x53\x22\xF0\xC7\x23\x5C\xDA\xB1\xF3\x80\x07\x18\x92\x78\x92\x7C\x4D\x71\x2A\x0A\x8E\x73\x53\xEC\x8C"
"\xCD\x8B\xD9\x1E\xC7\x09\xA6\xA9\xB8\x12\x4E\x1A\xF0\xAA\x3D\xE0\x0F\x8B\x02\x77\x52\x8B\x63\x42\xB3"
"\x5F\xC2\x79\x18\x30\x1E\x72\xC5\x3E\x2F\x8A\x45\x01\xFF\x20\x5B\xA6\x08\xD6\x42\x05\x59\x66\x39\x5F"
"\xAD\xCA\xA0\x5C\x3D\x87\x07\xFB\x1C\x70\x51\x4C\x63\xE0\x94\x62\xB9\x5C\x2C\x50\x21\x59\x9E\x97\xEE"
"\x33\xFF\xB6\xFA\x0E\xBC\xB5\x87\x93\xD9\x62\x3A\x8F\xD8\xE0\x79\x76\x92\x32\xE7\x61\xC9\x83\xB0\x0C"
"\x15\x3B\x6D\x75\x8A\x0F\x83\xBE\x0C\x38\x85\x24\x8D\xA2\x28\xA1\xDB\x88\xB1\x9C\x07\xD4\x4A\x62\xC5"
"\x8E\x6F\xCC\xA4\xB9\x31\x44\x92\x28\x8D\xD2\xA4\x69\x47\x3C\xA0\x79\x31\xE1\x07\x3B\x49\xA1\xCA\xD7"
"\x6B\x3C\xD6\x90\x53\xD0\x5A\xE7\x0D\xCD\xF9\xC1\x5E\xDE\xEF\x53\xBE\x4C\x3B\xD6\xDA\x7B\x3F\x5E\x24"
"\x08\x7E\x04\x6D\xAB\x6D\x77\xA4\xFD\xEA\x34\x76\x91\x8E\x79\xA9\x98\x82\x82\x5D\xEF\xBC\x9A\xEE\x69"
"\xF9\x09\xDC\x7C\x2D\xFA\x66\x53\x1D\x95\xED\xAF\x3B\xFC\x6A\xBF\x96\xAA\xDE\x55\xBB\x5D\xD5\x3C\x2B"
"\xBA\xD2\xAF\x36\xBD\x12\xC7\xF8\xDF\xC0\x18\xA1\xC2\x74\x3D\xD6\x85\xA3\xAA\x37\xDB\x7A\xBB\xD9\x6C"
"\xB7\xDB\xAA\x46\x05\xBC\xB1\x1B\xF8\x83\x02\x36\xD6\x46\x98\x87\x82\x5A\xE0\x15\x10\xD0\x1B\xAC\x6A"
"\x87\x4E\xDD\xDA\x75\x03\x72\x43\xD3\x35\x43\x37\x75\xD4\xD2\x0E\xED\x0E\x53\xAA\x8A\x76\xB1\xA9\x6A"
"\x69\x3F\x9F\x6D\xBD\x3B\x4A\x5D\xC1\x7E\xE9\x68\x4E\x43\x8B\x19\x63\xC1\x57\x45\x1B\xFD\xBE\xFB\x03"
"\x06\xED\xB9\x4F\x4F\xBD\x2A\xDD\x00\x00\x00\x00\x49\x45\x4E\x44\xAE\x42\x60\x82"
}
};

static const binfile_t logo_lnx = {"logo_lnx.png", 1318, {
"\x89\x50\x4E\x47\x0D\x0A\x1A\x0A\x00\x00\x00\x0D\x49\x48\x44\x52\x00\x00\x00\x2E\x00\x00\x00\x32\x08"
"\x03\x00\x00\x00\x14\x73\x19\xE5\x00\x00\x00\x01\x73\x52\x47\x42\x00\xAE\xCE\x1C\xE9\x00\x00\x00\x04"
"\x67\x41\x4D\x41\x00\x00\xB1\x8F\x0B\xFC\x61\x05\x00\x00\x00\xD5\x50\x4C\x54\x45\xC4\xC2\xBF\xCF\xCF"
"\xD0\xC7\xCA\xCD\xF0\xF0\xEF\xF6\xF7\xF4\xE0\xE1\xE0\xE0\xE3\xE8\xE8\xE6\xE3\xF8\xFC\xF8\xD0\xD0\xD1"
"\x5E\x5E\x5D\xA3\xA5\xA5\xB2\xB7\xB9\x3B\x40\x4B\x4B\x49\x49\x7E\x7E\x80\x67\x63\x60\x8F\x90\x90\xF1"
"\xF0\xEF\xBA\xB4\xB0\xB0\xB0\xB0\x71\x73\x6F\xF8\xF8\xF8\x3D\x2E\x1A\x7B\x70\x45\xE8\xBF\x40\xCC\xA5"
"\x3B\x2C\x2F\x33\xA0\x82\x17\xCC\xB0\x4F\x99\x8D\x5D\x5A\x42\x20\x2C\x3A\x42\x83\x62\x11\xB0\x36\x2C"
"\x2E\x18\x07\xF3\xC3\x2E\xD6\xA6\x1B\xDC\xBE\x58\x71\x35\x0F\x1B\x17\x16\x18\x1B\x1D\x1F\x22\x29\x06"
"\x04\x05\x0F\x11\x15\x54\x5F\x6C\x21\x51\x62\x1E\x4D\x7A\x39\x69\x8D\x57\xA4\x66\x16\x7D\xBA\x2D\xBC"
"\xD0\x25\xBF\xEE\x56\xA5\xA9\x4F\x7B\x9F\x6C\xC0\x80\x5C\xCD\xF1\x96\xD4\xF7\x20\x88\xEC\x21\x78\xE3"
"\x37\x95\xF4\x7D\xB6\xF1\x66\xA9\xF2\x49\x90\xE0\x14\x50\xCF\xA8\x44\xAC\x88\xA1\xB3\xE9\xE9\xEA\xC2"
"\xD3\xE6\xE0\xE2\xE0\xA5\xA3\xA7\xCE\xB2\xB5\xC7\x00\x00\x00\x09\x70\x48\x59\x73\x00\x00\x0E\xC4\x00"
"\x00\x0E\xC4\x01\x95\x2B\x0E\x1B\x00\x00\x03\xDA\x49\x44\x41\x54\x48\x4B\x8D\x96\x0B\x7B\xA2\x38\x18"
"\x85\x61\x15\x71\x40\x6E\x2B\x6E\x28\xC1\x82\x8D\x8E\x24\x50\xB5\xED\xEA\x8C\x72\x73\xBA\xB3\xFB\xFF"
"\x7F\xD2\x9E\xA0\xAD\xF5\xD2\x79\xE6\x84\x87\xDC\x0E\xAF\x1F\xB9\x10\x15\x45\x55\xD4\xDF\xD5\x1F\x0A"
"\xEC\x9D\xEE\x49\x5A\x5B\xE9\x75\x74\x55\xED\xE8\x7A\xBF\xAB\x69\x5D\xBD\xD3\x6F\xBB\xBA\xDD\xCE\x17"
"\xE9\xEE\x9F\xA4\x19\x26\xEE\x1D\xC3\x1C\x58\xB6\xE2\xB8\x7D\xC5\x36\x06\xDE\xE0\xD0\x07\xFD\x89\x48"
"\xBA\xC7\xB2\x94\x62\x3B\xA8\x0E\x0D\xA3\xE3\xF8\x9A\xEB\xAA\x43\xD7\x1F\x39\xFE\xB1\xB3\xDF\xFF\xEB"
"\xC2\xEE\x59\xB6\xDA\xEF\x3B\x0E\xD0\x43\x18\xBD\x81\x8D\xD2\xC9\xDE\x3F\xB3\x77\x4D\xD7\x1D\x19\x5A"
"\xCF\x76\x6D\xC7\xF1\x47\x86\x61\x98\x86\xA1\x7E\x4A\xF7\x47\x9A\xA7\x9A\x8E\xEF\xF6\xD5\x91\x87\x4A"
"\x67\x64\x3A\xA6\xF7\x21\xF6\x03\xBD\x83\x17\x56\xE5\x88\x2A\x8A\x3F\x94\x57\x5B\xF2\x07\x8A\xAF\x0C"
"\x21\x65\x38\x68\xFB\xF5\x23\xDD\x23\xC1\x5D\x68\xD3\x68\x3C\x8E\x6C\x4A\x82\x30\x0C\x82\x28\xBC\x8F"
"\x69\x32\x19\xC7\xF1\x03\x14\xDF\xCB\x1E\xEF\x48\x1F\xB1\xFB\xE9\xD4\x26\x24\x98\x4D\x83\x38\xFA\x1A"
"\x4E\xC8\x7D\x18\xCD\x66\x36\x99\x7C\x45\xEB\xBC\x7D\x80\x50\x3A\x3A\xD2\x47\x69\x30\x9D\x91\x94\xF3"
"\x38\x88\xC6\x77\x11\x49\xF1\xF8\x2C\x0E\xC2\x28\x1A\x93\x94\x04\xD1\xE4\x61\x4E\x98\xE0\xA3\x23\xDD"
"\xCD\xE2\xC9\x24\x86\x72\x32\x9D\x06\x2C\xCB\x32\xD8\xD3\x2C\x0E\xA7\x53\x92\xB1\xF9\x24\xBC\x9B\xC5"
"\x2C\xCF\xDC\xB7\xD8\x99\x1B\xB6\x8A\x49\x18\xBA\x4C\x08\x06\x32\x15\x84\x46\xA1\x8C\x9D\x90\x68\x1C"
"\xE2\x37\xDF\x62\xEF\x6A\xBA\x2E\x07\xE3\x17\x52\x75\xAC\x9E\xD3\xB8\xEB\x86\xA0\x42\xD0\x9B\x12\x90"
"\xD1\x3B\x8D\x3B\xE4\xA5\x96\x45\x13\xDB\xB6\x2C\xCB\x96\x09\xA5\xB6\x22\xEB\x09\xB5\xAC\xD4\x91\xAE"
"\x77\xBA\x23\x2C\xB4\xCE\x59\x9E\xB3\x80\xC5\xF3\x79\x1C\x13\xDC\x09\xEA\x5C\x48\xBB\x70\x75\x69\x7B"
"\xB7\x73\x8B\x52\x8E\x31\xC9\x58\xCC\xD8\xC3\x9C\x4D\xE6\xF3\xF9\x84\xC8\x86\x0C\x31\x5A\xBC\x8D\xE6"
"\x44\xE7\x96\x10\xB2\x2F\x67\x71\x2C\x9F\x88\x09\x21\xC8\x73\xD9\xC6\x85\xC5\x1F\x2F\xE9\x22\xCD\x18"
"\x3B\xC6\x7B\x92\xCD\x58\x96\x8A\xE4\x8A\x9E\x08\x9E\xF0\x64\xF1\xB8\xC0\xB5\x5C\xAE\x90\x96\x4B\x59"
"\x4B\xE0\xC5\x75\x49\x47\x23\xE5\x34\x19\x05\x4F\xD1\xE4\xF9\xE5\x6F\x68\xBD\x8E\xA2\x45\x92\xA4\x09"
"\x45\xCF\x25\x9D\x72\xCE\x73\x9A\x6C\x9E\xD6\xDF\x9E\x5E\x5A\xFB\xCB\xCB\xD3\xB7\xD5\x82\x62\x6C\xD0"
"\x79\x41\x4F\xE5\x8B\x72\xBA\xD8\x48\xA3\xD4\xF7\xAD\xBC\x6F\x16\x34\x45\x87\xB8\xA2\x8B\x8C\xA5\x5C"
"\x2C\x56\xBB\xDD\xAE\xD8\x95\xD5\x76\x5B\xD5\xCD\x6E\xB7\x5A\x0A\x8E\x97\x15\xD7\xF4\x9C\xC2\xBE\xDC"
"\x34\xCD\x7A\xDD\xD4\x15\xFC\xDF\xBF\x4B\xBA\x48\x39\xCD\x6F\xD0\x73\x19\xE5\x72\xB9\xDF\xBB\xCE\x1E"
"\x6A\xB6\x70\x4B\x3B\xCF\x05\xEC\xD7\xB1\x73\xCC\xB8\xB4\x07\xCE\xE6\x71\xBF\x7F\xAE\x4A\xC4\xB5\x02"
"\x3D\x13\x37\x63\xC7\x94\xB6\xF4\xC5\xCA\xD9\x00\x5F\x95\x10\xE8\x72\x62\x6F\xD1\x33\x76\xB0\x2F\x37"
"\x3F\x7E\xC0\x5E\xCB\xD8\xD7\xA0\x63\x7B\xF1\x1B\xF4\x14\xC1\x4B\xFB\xE3\xEB\x2B\x82\xD9\x97\x5B\xE8"
"\x75\xC1\x33\x9A\x5F\xD3\x39\xC5\xCA\xCB\xC4\x72\x55\xC8\x91\x69\x8A\xA6\x28\x9A\x46\x06\x83\xB9\x13"
"\xD9\x8D\x59\x45\xE4\x39\x5F\xAC\x9E\xCF\xB4\x5A\xA4\x68\xCE\x6E\xAC\x99\x3C\x4B\xF3\x94\x26\x17\xA2"
"\x69\x9A\x66\xF9\xF5\x8A\xB4\x30\xAD\x2C\xCB\xB1\x72\xCE\x94\xCB\xD6\x9B\xEB\x1D\x03\xF6\x89\x60\xBF"
"\xA2\x23\x9A\x37\x71\xAC\x64\x7A\x2C\x43\x79\x72\x45\xCF\x28\xCD\xDF\xFD\xB9\xD4\xB1\x8C\x5A\x8A\xBE"
"\x73\xBA\xDF\x6E\xEB\xD6\x76\x2D\xF4\xA4\xDE\x19\xBD\xEF\xBB\xAE\xF1\x79\x32\xBC\xF6\xC4\x7B\xA7\xE3"
"\xB8\xEB\xE9\xBF\x4A\x87\xF3\x11\xF6\xCE\xA7\xEA\x5E\xA4\xCE\x3F\xB0\x6B\x5A\xEF\x76\xFA\x59\xD5\x67"
"\xAA\xAA\x7F\xF1\xE1\xD5\x34\xBD\x4D\x52\x87\xFC\x50\xD7\xEB\x7D\x59\x17\x65\x5D\xEF\xCA\xBA\x69\xF3"
"\x9D\x3C\xB5\xDF\xE8\x38\xBB\x4C\x75\x20\x3F\xCE\x47\x7A\x5D\x54\xDB\xA2\x92\xDB\x70\x5B\x37\x32\x2F"
"\xBE\x9C\xE8\xAA\x69\xE2\xA4\xF3\x4D\x3C\xF2\x46\x2F\x9A\x2D\xA8\xD8\xE4\x15\xB6\x39\xF2\xE2\x23\x1D"
"\xFF\x28\x14\xD0\x55\xED\x23\xBD\x2C\x6A\xEC\xAA\xBA\xAA\x65\xFE\x91\x7E\x9D\x2A\xAC\xF7\x72\x57\x96"
"\xF8\x8E\x60\xDB\x22\x2F\x41\x97\xF8\xDB\xEA\xFD\xBC\x94\x0C\xC6\x33\xFD\xDF\xD5\x7F\xEA\xFF\x91\xF1"
"\xD8\xE8\x7B\xB1\x30\xA5\x00\x00\x00\x00\x49\x45\x4E\x44\xAE\x42\x60\x82"
}
};

static const binfile_t logo_md = {"logo_md.png", 1106, {
"\x89\x50\x4E\x47\x0D\x0A\x1A\x0A\x00\x00\x00\x0D\x49\x48\x44\x52\x00\x00\x00\x2E\x00\x00\x00\x32\x08"
"\x03\x00\x00\x00\x14\x73\x19\xE5\x00\x00\x00\x01\x73\x52\x47\x42\x00\xAE\xCE\x1C\xE9\x00\x00\x00\x04"
"\x67\x41\x4D\x41\x00\x00\xB1\x8F\x0B\xFC\x61\x05\x00\x00\x00\x7B\x50\x4C\x54\x45\xCD\xCE\xCE\xD0\xCF"
"\xDE\xCA\xE6\xDD\xC7\xCA\xCD\xC4\xC2\xBF\xE8\xF0\xF7\xFF\xFF\xF8\xE6\xE6\xDF\xD0\xD0\xD1\xFF\xFF\xFF"
"\x80\x80\x80\xA2\xA3\xA3\xB7\xC8\xB9\x94\x94\x90\xB5\xAD\xB0\xAE\xAC\xAC\xF1\xF0\xEF\xCF\xCF\xD0\x5A"
"\x59\x59\x01\x01\x01\x17\x17\x17\x40\x40\x40\x1D\x1D\x1D\x39\x38\x38\x72\x71\x71\x09\x09\x08\xF8\xF8"
"\xF8\x68\x64\x64\x23\x23\x23\x4C\x4C\x4C\xF8\xFC\xF8\x2C\x2B\x2B\xE9\xE9\xEA\x91\xA5\xEA\x6B\xAC\xDE"
"\x94\xCE\xE6\xE0\xE2\xE0\x22\x6B\xDE\x2E\x8C\xE5\x52\xB7\xDE\xA5\xA3\xA7\xBB\x0D\x46\xAC\x00\x00\x00"
"\x09\x70\x48\x59\x73\x00\x00\x0E\xC4\x00\x00\x0E\xC4\x01\x95\x2B\x0E\x1B\x00\x00\x03\x60\x49\x44\x41"
"\x54\x48\x4B\x8D\x96\x81\xB6\xA3\x26\x18\x84\x35\x2D\xB2\xC4\xA8\x5D\x41\x94\xA2\xA5\x31\x4D\xB2\xEF"
"\xFF\x84\x3B\x03\x18\x63\xEE\xD9\xD3\x1D\x23\x02\x7E\x8C\xE3\xAF\xC9\xBD\x45\x54\xB9\x7F\x4E\x79\x3F"
"\x8E\xD2\xFE\xC7\x9F\x60\x45\xF5\x9B\x92\xDF\x80\x8B\x4A\x89\x33\x54\xAB\x1A\xED\xA5\x39\x0B\xD5\x34"
"\x4A\x72\x4A\xB4\x68\x9A\xF6\x2C\xE3\xA9\xAE\xFA\xEB\x7B\x51\x54\x42\xF5\x1A\xBA\xD4\x68\x8C\x34\x7A"
"\xA8\xAC\xA9\x46\x0C\xA6\xD2\x71\x7E\xD2\x45\x8B\xA3\x2B\xAB\xBF\x81\x8B\xAA\xD5\x83\xF7\x8D\x74\xB3"
"\xF7\x17\x65\xB4\xF6\xD6\x9C\xF5\xE2\xA7\x6A\x74\x98\x57\x93\xBE\x18\xEB\x7D\xA7\xC4\x3F\x74\xAF\x1A"
"\x5D\x2B\x29\x0B\xBD\x48\x29\x95\x71\xB0\xB4\x5E\xB7\x52\x0A\x63\x31\x23\x27\x0D\x3F\x76\xB2\x3B\xF0"
"\x02\x97\xC6\x05\xB1\xCE\xD8\x0E\x99\x3C\xFA\x56\xE0\x4A\x38\x10\xA7\x96\x6A\x73\x6F\x42\xC2\x17\x05"
"\x5C\xF9\x88\xBB\x18\xEC\x80\xBF\xDC\x55\x03\xBC\x57\x10\xF0\xCA\x00\x2F\x38\x88\x63\xDC\x2A\x8E\x52"
"\x2F\xAF\xEC\x61\x98\x75\xA3\xCD\x30\x0C\x2D\x70\x65\x81\x8F\xC3\xD0\x57\xD3\x30\xE8\x05\x78\xD5\xA3"
"\x33\xBD\xDC\x21\x5F\xB2\x1D\xAB\x0D\x87\xEA\x54\x5A\xE0\x0C\x1A\xAA\x9C\xBD\xAC\x21\x21\xD8\x4A\xD5"
"\x75\x0A\x7B\x81\x7E\xA7\x5A\xB4\x85\x2A\x6A\xC9\x53\xA5\xCA\xEE\x29\xE4\xFF\x2B\xBB\xF3\xA5\x11\x6F"
"\x6D\xD2\xFB\x4C\xDE\x93\x3B\x35\xCF\x76\xB6\xBB\xD8\x9F\x77\x19\x3B\x13\xA2\x7B\xC4\x4D\xFF\x26\x0F"
"\x0D\xFD\x82\xB7\x2B\xF8\x91\x03\xCE\x18\x50\x74\x27\xED\x1C\x6A\x48\x8D\xD8\xA8\xC5\x37\xE7\xE9\x3C"
"\x4D\xB5\xEF\x97\x38\x3F\x3A\xB7\x55\xA6\xAA\x58\x36\x3C\xC7\x7C\xE9\xB0\xF4\xFD\x14\xAF\xB3\xF4\xAE"
"\xEF\x87\x40\x11\xDF\xB2\x3B\x17\xC2\x1C\x52\xDA\x10\x86\x05\x8A\x78\x8F\x4E\xE8\x31\x15\x82\xFE\x74"
"\x77\x76\x0E\x71\xC1\xB2\xC4\x05\x59\x83\x59\xBE\xBA\x13\x8B\xEE\x61\x66\x52\xA4\xCF\x30\xE4\x10\x67"
"\x7E\xCF\xEE\x34\x36\xB8\x53\x63\x98\x89\x73\x11\xC4\x9B\x87\x12\xBE\xBB\x1B\xB3\x55\xDA\x18\x67\xAC"
"\xD9\x85\x53\x9C\x3E\x56\x86\xDF\x4A\x4C\x23\x3C\x8B\xCA\xB0\xBB\x86\xD1\x99\x63\x76\x4D\xEB\xE8\x32"
"\x3B\x1B\x0C\x98\x78\xDB\x16\x8F\xD3\xBA\x05\x16\x1F\xEE\x54\xC4\xAD\x4B\xA1\x40\x63\x49\x2A\x95\xCD"
"\xF8\xEE\xCE\xE8\x2F\xFC\xF0\xBE\x70\xF8\x6B\x77\xDE\x68\xD4\x8B\x45\xA2\x4F\x77\x5A\xA6\xEC\x38\x15"
"\x99\x58\xCC\x71\xE4\x02\x54\xE7\xAB\x3B\x02\x45\x43\xD4\x8E\x78\xAA\x22\xFA\x6C\x9C\xF9\xEA\x9E\x03"
"\x47\x86\x09\x28\xD0\xDC\x60\xF4\xEE\x4E\x9C\x28\xCA\x06\x3E\xA1\x71\x6D\x5C\x82\x89\x84\x1F\xDD\xA1"
"\x18\x35\xE2\xA8\x79\xDF\xC4\x71\xBA\xD2\xC1\xDD\x84\xD7\xC5\x73\x2F\x9A\x6F\xA5\xE1\x6B\xF3\xEE\xCE"
"\x7C\xA8\xBD\xF3\xB4\x66\xB2\x0D\x67\x27\xBA\xDB\x77\x77\xDA\x82\x1A\x5C\xE0\x39\x3C\xFA\xB9\x6B\x2F"
"\xF8\x4B\xD0\x75\x5B\xA5\x88\xBF\xDC\x39\x0E\xF8\x9C\x87\x7C\x77\xB3\xEB\xA2\x52\x70\xEA\xE0\x0E\x01"
"\x67\x08\x76\xB9\x80\x4F\x61\x63\x39\xF9\xE9\x8E\xB7\xB2\xEB\xDA\x8C\xBF\x29\xDE\x2F\x9E\xF6\x87\x3B"
"\x66\x27\x3F\x7D\xE2\x18\xA7\x4B\xEE\xEE\x62\xC3\x59\x8F\x78\xF6\xB5\x85\x66\x6C\xCE\xF5\xDC\x74\xC0"
"\xE3\xEF\xBB\xC4\xCF\xA0\x18\xC3\xC8\xEF\x0D\xEB\x4B\xED\xDF\xD4\x5D\xA0\xFE\x25\xFE\x2B\x9D\xAE\xEB"
"\x51\xB7\xFF\x32\x7E\x92\x65\x6C\x93\xD8\x87\xD6\xFB\xE3\x71\x7F\xAC\xEB\x23\xED\xE8\xF3\xAF\x36\xD0"
"\xB2\x6D\x2F\x45\x5B\xB6\x45\x3C\x14\x6D\x71\xC1\x0A\xF1\xBC\xAF\xA7\xFB\xF3\xBA\xDE\x6E\xDC\x6F\x58"
"\xF2\x2D\xB9\x17\x6D\x8D\x05\xF8\xA4\x03\x25\x4B\xB1\xDE\xD7\xDB\xFD\x71\xBD\xDD\xB8\x5F\xAF\xD7\x67"
"\x74\x87\xD1\x69\xFB\xB7\x23\xB5\x70\x8F\x61\x1E\xD7\x53\x0E\xB2\x3E\x9E\xEB\x13\xF8\x76\xAB\x29\x76"
"\x0E\x1D\x55\x0A\x58\x1F\xF5\xA4\x3B\xEC\x89\x65\xF4\xED\x50\x96\xE5\x09\x3B\x5B\x1C\x4F\xD7\xB2\x24"
"\x8E\xBC\xBF\xA1\x0E\xF7\x54\xFF\xF8\xFE\x13\xF5\x5E\x9D\xA9\x0B\xB6\x78\x9A\x00\x00\x00\x00\x49\x45"
"\x4E\x44\xAE\x42\x60\x82"
}
};

static const binfile_t logo_msx = {"logo_msx.png", 1011, {
"\x89\x50\x4E\x47\x0D\x0A\x1A\x0A\x00\x00\x00\x0D\x49\x48\x44\x52\x00\x00\x00\x2E\x00\x00\x00\x32\x08"
"\x03\x00\x00\x00\x14\x73\x19\xE5\x00\x00\x00\x04\x67\x41\x4D\x41\x00\x00\xB1\x8F\x0B\xFC\x61\x05\x00"
"\x00\x00\x01\x73\x52\x47\x42\x00\xAE\xCE\x1C\xE9\x00\x00\x00\x96\x50\x4C\x54\x45\xBF\xBF\xC0\xE2\xE2"
"\xE2\x01\x01\x02\x00\x08\x7C\xFB\xFB\xFC\x14\x16\x1B\x1A\x1E\x23\xC8\xC8\xC8\xCB\xCA\xCA\xFF\xFF\xFF"
"\x2F\x35\x3E\x06\x07\x07\x46\x4A\x50\xE9\xE7\xE7\xF0\xF2\xFA\x24\x2A\x2E\x0D\x0F\x12\x63\x65\x68\xF5"
"\xF5\xF5\x22\x21\x27\x6B\x72\x7C\xAD\xAF\xB9\x32\x42\x50\xD9\xD9\xD7\x5A\x5C\x5E\x7A\x82\x8D\x11\x26"
"\x90\xD2\xD2\xD2\x83\x8E\xC5\xB4\xBC\xDC\x98\x9F\xAA\x5E\xA2\xF6\xD1\xD9\xE5\x0C\x73\xFD\x7E\x7E\x7D"
"\x37\x41\x3F\x20\x33\x99\x08\x1A\x88\x39\x91\xFC\x8F\x93\x99\x7B\xB5\xFA\xFF\xFD\xF2\xF0\xF0\xF0\xB3"
"\xD5\xFF\xE0\xE4\xF2\x42\x51\xA4\x5F\x6C\xB2\x69\x74\xB7\x48\x20\x24\x52\x2A\x2E\x85\xCD\x9C\xB6\x00"
"\x00\x00\x08\x74\x52\x4E\x53\xF9\xFF\xFF\xFF\xFF\xFF\xFF\xA8\xC0\xE1\x9F\x04\x00\x00\x02\xE7\x49\x44"
"\x41\x54\x48\xC7\x8D\x96\x89\x9A\xA2\x30\x10\x84\x41\x8E\x81\x00\x82\x82\xC8\x21\x08\xCB\xB9\x02\x3A"
"\xFB\xFE\x2F\xB7\xD5\x1C\xEE\x08\xD1\x6F\xAB\x93\x10\xE0\xA7\xA9\xC4\x44\x15\x84\x78\xD2\xF9\xA3\x66"
"\x48\x10\xE2\xA3\x3E\x4A\xDE\x7F\xD2\xC4\x1C\x63\x41\x9B\x7A\xFA\xA5\x8A\xA2\xE8\x59\x17\x4D\xFD\xA8"
"\x9C\x79\x4D\xD0\xE4\x19\x97\x2A\x69\xB8\x48\x63\xAD\x2E\xC9\xA4\xBB\x24\x49\xE8\x97\xD5\x84\xCB\x3F"
"\x71\xA9\x4A\xE4\x41\x1A\xAB\xAE\xCF\x16\xEE\xD2\x45\xD7\x1F\x52\xC4\xC1\xAB\x48\xD6\xEF\x95\x8C\xBB"
"\xFD\xBE\xC4\xC3\x55\x05\x34\xA1\x47\x2A\x1E\x4E\x89\x92\xBB\xAE\x67\x55\x2F\x5F\x86\x21\x22\x53\x40"
"\x60\x88\x8F\x27\xB0\xD0\xCB\xB2\x1C\x3D\xE8\x42\x52\x55\x74\x89\x4C\x72\xCD\x94\xFA\x1E\xDC\x85\x88"
"\xE1\xF1\xC8\x08\x7C\xEC\xF5\x7E\x78\x93\xBD\xD4\x13\x64\x8B\x06\xE4\xA5\x09\xC1\x15\x38\xEB\xF5\xFD"
"\xC0\xC7\x29\xED\x65\x5F\x61\x8E\xFB\x2C\xCB\x30\xC4\x3B\x7D\x1A\x18\xEB\xB0\x35\x23\x03\xEF\x2B\xA9"
"\x7C\x20\x6F\x4F\x93\xD8\x3F\x86\xBE\x87\x1F\x5C\xCE\x78\xF3\x5E\x95\x65\x14\x4D\x75\x14\x1D\x23\x12"
"\x9D\xAC\xF1\x9B\x70\xFA\x24\xEB\x15\x17\xED\x9D\xF1\x49\xB6\xF8\x82\xFF\xDA\xB9\xAE\xAB\xBE\x95\xBB"
"\x3B\xAC\xF0\x3F\xDF\xAE\x8A\x70\x15\xC6\x8A\x55\x29\x5C\x75\x17\x1C\xB7\x38\x78\x55\x79\xCA\x76\x9F"
"\xDD\x77\xB8\x6D\x2B\xCE\x6E\x96\xBB\xF4\x0C\x67\x8B\x9B\xCC\xB6\x99\x5B\x14\x8A\xC3\xD1\x16\xB7\x21"
"\x66\xBF\xD3\x06\xFF\x61\x1A\x5E\x7F\x74\xA8\xA8\xC6\x06\xF7\x7D\x86\x98\x1A\xD5\x36\x31\x21\xCC\xB4"
"\x5D\x8C\xC8\xB6\xD5\xAD\x99\x17\xDC\x21\xDC\x04\xAE\x7C\x7F\x2B\x18\xCF\x16\x0F\x0E\xE6\x14\x01\xAA"
"\x37\xB6\x14\x9E\xA1\x38\x88\xED\xCC\x78\xDC\x08\x15\xFA\x34\x38\x78\xBA\x24\xFC\x19\x4D\x60\xA8\x18"
"\xAC\xC3\xC1\x0F\x9C\xE4\xFB\xD4\xF6\x92\xD0\xE4\x64\x6F\x42\xE6\xAD\xA3\x48\x52\x2F\xF5\x9A\x94\x67"
"\xA6\x61\x61\xB1\x0E\x2F\x08\x93\x22\x3D\x71\xB3\x73\xD2\x37\x81\x1F\x26\xCD\x81\x97\x3D\x4D\x59\x68"
"\x22\xFE\x25\x67\x61\xEA\x39\xCC\x2F\x38\x43\x75\x55\xC7\x09\x03\xCC\x37\xDE\x32\x8A\x1D\xCC\xD4\xF4"
"\x0E\x86\x41\x2B\x72\xB3\x08\x14\xC5\x55\x52\x58\xA5\xB7\x8C\x32\xBD\xE0\x14\x84\x21\xB6\xCB\xBB\x25"
"\x46\x6B\x75\x5A\xC0\x86\x31\x77\x1C\x85\xB6\x80\xC2\x33\xE3\x8E\xC2\x06\x54\x99\x69\x32\xD5\x5D\xCE"
"\x1D\x75\x9B\x1D\x3B\xED\xB9\xB7\x15\x1B\x0E\x94\xE7\xBE\xC6\x9D\x15\xEE\xED\x7C\x06\x97\xFE\xA2\xC2"
"\xF7\xCD\xB9\xCB\x70\xC3\xDF\x99\x2F\xB8\x60\x8C\x9B\x92\xAB\xF1\x4E\x63\xBD\x7C\x8B\x69\x87\x8F\x6A"
"\xCE\xB7\x19\x9F\x7F\xF9\xF4\xA3\xFC\x41\xB7\xE3\xF2\xCB\x77\x9B\x75\xDC\xE8\xF7\x5A\x37\xE0\xE2\x3B"
"\x65\xED\xF5\x8A\xF2\x4F\x89\x48\xB8\x25\xA2\x9C\x2D\x48\xB4\xE6\x13\x6A\xAC\x36\xAF\xAF\x79\x7E\xA5"
"\x5A\xD3\xB1\xCE\xB3\x11\xB7\xD2\x53\xAA\xA1\xA7\xC5\x82\x78\xA2\xA6\x11\x1A\x3C\xDE\xE6\x6D\x9F\x77"
"\x6D\xDB\x75\x1D\xD0\xAB\xBC\xE0\x62\x2A\xD0\x03\x8D\x86\x2F\xF2\x06\x55\x68\x62\xC2\xAF\x79\xDD\xE1"
"\x05\x80\xAF\x2D\xDE\xD4\xB5\x0B\xAE\x59\x94\x59\xB3\x62\xE1\x7C\xC2\xDF\x0A\x9C\x0B\x31\xE1\x5D\x87"
"\xAC\x5D\x5D\x03\x47\x59\xF0\x45\xE2\xB3\x19\x8F\x49\x5E\xD7\x75\x0E\xDB\x38\x8E\xB5\xC6\x50\xE3\xF3"
"\xBB\x99\xB1\xB2\x95\xC4\x73\x2C\x7C\xC5\xDA\x7F\x2B\xFE\xFA\x0B\xEA\x12\x8E\x6B\xCA\xA5\x2C\xD3\x00"
"\x00\x00\x00\x49\x45\x4E\x44\xAE\x42\x60\x82"
}
};

static const binfile_t logo_nes = {"logo_nes.png", 1156, {
"\x89\x50\x4E\x47\x0D\x0A\x1A\x0A\x00\x00\x00\x0D\x49\x48\x44\x52\x00\x00\x00\x2E\x00\x00\x00\x32\x08"
"\x03\x00\x00\x00\x14\x73\x19\xE5\x00\x00\x00\x01\x73\x52\x47\x42\x00\xAE\xCE\x1C\xE9\x00\x00\x00\x04"
"\x67\x41\x4D\x41\x00\x00\xB1\x8F\x0B\xFC\x61\x05\x00\x00\x00\xD8\x50\x4C\x54\x45\xC7\xC5\xC5\xC8\xCD"
"\xCE\xD0\xCF\xD1\xC7\xCA\xCD\xC4\xC2\xBF\xDE\xDB\xD7\xE9\xE9\xEA\xF8\xF7\xF0\xF8\xF7\xF8\xF0\xF1\xF0"
"\xD0\xD0\xD1\xF8\xFC\xF8\xF6\xAC\x9F\xCE\x78\x6E\xF7\xC2\xBB\xEE\xB7\xAF\xE0\x72\x65\xF8\x8D\x7D\xD6"
"\x96\x8E\xF8\xE5\xE3\xDB\xCC\xC7\xF8\x9E\x8F\xF1\xF0\xEF\xCF\xCF\xD0\xCB\x3D\x2C\xE8\x59\x48\xF6\x6E"
"\x5B\xF6\x80\x6D\xE0\x42\x2E\xF8\xF8\xF8\xF0\xF8\xF8\xD0\xCC\xC8\xF8\xDA\xD4\xF8\xCC\xC4\xEB\x88\x78"
"\xDA\xD0\xC9\xE0\xE1\xE0\xE8\xE6\xE0\x5C\x5C\x5A\x30\x31\x33\x38\x37\x37\x27\x28\x28\xE0\xE3\xE8\x8D"
"\x8C\x8A\x40\x3C\x38\xA8\xA5\xA3\xB8\xB3\xAF\x9A\x96\x93\x18\x1C\x1B\x80\x7C\x78\x67\x67\x67\x62\x61"
"\x60\x78\x79\x7A\xD0\xC8\xC8\xB1\xB4\xB9\xBF\xB9\xB6\xA3\x9E\x9B\xC0\xC0\xC0\xB0\xB0\xB0\x1A\x17\x17"
"\x50\x4D\x4B\x02\x02\x04\x40\x3C\x40\x7E\x4F\x4E\xC2\xD3\xE6\x76\xAE\xF0\x5D\xA7\xF4\x94\xCB\xF8\xE0"
"\xE2\xE0\x2B\x7A\xD8\x2B\x87\xF5\xA5\xA3\xA7\xBC\x00\xD3\x08\x00\x00\x00\x09\x70\x48\x59\x73\x00\x00"
"\x0E\xC4\x00\x00\x0E\xC4\x01\x95\x2B\x0E\x1B\x00\x00\x03\x35\x49\x44\x41\x54\x48\x4B\xED\x95\x6D\x7B"
"\x9A\x30\x14\x86\x03\x2B\x3A\xD7\x08\x44\xC8\x4A\xC0\xCD\x80\x4A\x45\x8A\x2F\xD0\x8A\xA2\x7B\x11\xA7"
"\xFB\xFF\xFF\x68\x27\x11\x6D\xC5\x76\x57\xBF\xEC\xDB\x9E\x73\x91\x1C\xC3\x93\xDB\x43\x8C\x01\x21\xA4"
"\x28\xEA\x3B\xE3\xC3\x0D\x42\x5A\xA3\xF9\xB1\x8A\x66\xB3\x25\x7A\xA1\x17\x63\xE7\xBC\xF5\xE9\x06\x29"
"\x8D\x5B\x29\xDC\xD6\x0D\x93\x74\xAC\xDB\x8F\xCD\x86\x0D\x2D\x0C\xC9\x8B\x9A\x16\xCC\x96\x96\xDB\xCF"
"\x77\x48\x6D\x1E\x53\xE2\x30\xD7\xF1\x3C\xE2\x82\x1C\xD7\x24\x26\x36\x3D\x93\x12\x8F\x75\xA9\x49\xBC"
"\x23\xF3\x0B\xD8\xBF\xCA\x0C\xEC\x9E\xD3\x75\xBB\x8C\x11\x68\x61\xA2\x49\x1C\xC2\x58\xD7\xF5\x1C\xB7"
"\x8B\x1D\xFB\xC8\x7F\xA6\x53\x47\x37\xBB\x2E\x73\x4D\x2C\xCC\x8C\x98\xD4\xC1\xE2\x9B\xDC\x2E\x61\x84"
"\x69\xD2\x05\xF4\xDE\x57\x4B\x8A\x1B\x9C\xEB\xBA\xEE\xEB\xDC\x17\x97\xE1\x5B\x3E\x17\xBD\xE1\x73\xB8"
"\x2C\xAB\xD9\xB0\x2C\xA0\xDB\x16\x73\xA9\xE7\xB9\x38\x30\x31\xF3\x68\xE0\xB9\x06\x64\x1E\x21\x30\x16"
"\xC0\x93\x30\x78\x1C\x42\x99\x87\x31\xA3\x40\xB7\x1B\xCC\x15\xCF\x65\xE0\x36\x17\x99\xCB\x7C\x91\x11"
"\x06\x75\x60\x13\x5A\x26\x66\x98\xB8\xC3\xDB\xBE\xAC\xDD\x37\x74\x9D\xEB\x16\xB7\x65\xE6\x8B\xCC\x82"
"\x0E\xC4\x7D\xE8\x0D\x28\x46\xF7\x79\xBF\x69\x5B\x2F\x56\x46\x88\x77\x28\xC6\x3E\xC6\x01\xD5\x8D\x00"
"\x53\x4A\x31\xF1\x3A\xBC\xBA\x29\xF4\xBC\x32\x42\xBC\x4D\xA0\x52\x93\xB8\x9E\xE1\xB7\x7D\xCF\xA5\x01"
"\x83\x85\xAD\x6E\x82\x6A\x74\xCB\x20\x1E\xEF\xF8\x9C\x06\x86\xD5\xB1\x8C\x0E\xA5\x24\x08\x70\x75\x53"
"\xE8\x4C\x6F\x0D\x34\x11\x9A\x6C\x55\xE8\x45\x76\x94\x18\x69\x49\xD3\x99\x3E\x0C\xEF\xEF\x47\x57\x71"
"\x1F\x49\x41\x16\x8E\xA5\xFF\x44\x8F\x1F\x92\xC9\xB5\xA6\xD1\x0C\x14\x4E\x26\xC9\x68\x2E\x76\xC1\x99"
"\x3E\x4F\xFB\x6A\xEF\x2A\x26\xD1\x0C\x26\xA4\x90\x65\x99\xDC\x64\x27\xFA\x63\xD6\xEB\x3D\xD5\xC3\x5E"
"\x8C\x22\xA8\x27\xB5\x9F\xEC\x4C\x56\xF3\x4C\xCF\xFA\x2F\x7C\x55\xF4\xF2\x78\x0A\xB1\x14\xF4\x70\x28"
"\x6C\x7F\xA7\xAF\xA6\xCB\xE5\x72\x9A\x40\xF6\x2E\x3A\x8A\xA5\xFD\x3F\xBD\x1E\xFF\x9A\x3E\x4D\x96\xC9"
"\x1B\xF4\xA7\xFC\x4A\x49\x98\x65\x59\x18\xBF\xBA\x67\x50\x0E\xA7\xF1\xA5\x0A\xD8\x8F\xD1\x71\x47\xBE"
"\x42\x07\xCA\x65\x2C\xC4\x06\x5E\xA7\xFD\xA7\x7E\x9D\x1E\xE6\x45\xB2\xA8\xFE\x15\x27\x2D\x96\xE2\xDF"
"\x31\x0B\xF3\xC9\x22\xCC\x2E\xE9\x9B\x04\x76\x6A\x5D\x71\xB4\x5E\xAF\x67\x1B\xC8\x36\x35\x3A\x8C\xC5"
"\x57\x9A\xCF\xBE\x81\x42\x61\xAF\xD1\x1F\xE0\xE6\x95\xD2\xB5\xB0\x6F\xE2\x79\xFC\xBD\x46\x8F\xB2\xEC"
"\xC7\x8F\xF9\x63\xF6\x38\xCF\xD2\xB3\x42\xA8\x7C\x3D\x1B\xA5\x59\x7A\x5F\xA3\x47\x29\xD8\xB3\x30\xCC"
"\xC2\x4D\xE5\x05\x85\x92\x3E\x82\x2C\xCA\x2E\xE8\xC5\x2C\x3A\x9F\x2A\xCF\x8A\x84\xFB\xDB\x0C\x92\x75"
"\x7C\x41\xBF\x2D\x52\xF8\x01\xDF\x56\xDC\x13\xE7\xD8\x99\x0E\xA7\xDE\xB8\xF1\x97\x18\x1E\xDF\x65\x77"
"\x48\x69\xBD\x29\x78\xCB\x5E\x46\x03\xEC\xDA\x60\xFC\x7A\xFC\xDC\x6E\xCB\x8B\xD8\xFD\xBA\x43\x68\x30"
"\x18\xCA\xD3\x57\xB4\x43\x19\x55\x5F\xEE\x0F\xE5\xE1\x50\x1E\xAF\x52\xF4\xE2\xAD\x3D\x18\x8C\xB5\xA2"
"\x58\xAD\x72\x35\x41\x68\x85\x72\x4D\x29\x94\x95\x06\xF4\x72\xBF\xDD\xED\x77\xDB\xED\x6E\xB7\x2B\xF7"
"\xD0\x80\xFD\x48\x57\x8B\xA4\x48\xF2\xBC\x58\x2D\x8B\x22\x2F\x16\x45\x31\x59\x49\x7A\x09\x16\x70\x6F"
"\xA1\xAA\x03\x7C\xD8\x9F\xE8\x8A\x8A\x90\xAA\x22\x05\xF5\x14\x4D\x51\x72\xB5\xA2\x03\xF6\x00\x53\xCA"
"\x52\x3C\xC5\xB6\xDC\x0B\xFA\xA9\xE2\xAB\xD8\xED\x0F\x17\xDA\x97\x40\x17\x4B\xF3\xBA\xC6\x3F\xEB\x12"
"\xC5\x4C\x93\xE2\x7D\x5A\x24\xBF\xEF\xFE\x00\xEA\xC3\x16\x19\xA9\x50\x3D\xC2\x00\x00\x00\x00\x49\x45"
"\x4E\x44\xAE\x42\x60\x82"
}
};

static const binfile_t logo_pce = {"logo_pce.png", 1275, {
"\x89\x50\x4E\x47\x0D\x0A\x1A\x0A\x00\x00\x00\x0D\x49\x48\x44\x52\x00\x00\x00\x2E\x00\x00\x00\x32\x08"
"\x03\x00\x00\x00\x14\x73\x19\xE5\x00\x00\x00\x01\x73\x52\x47\x42\x00\xAE\xCE\x1C\xE9\x00\x00\x00\x04"
"\x67\x41\x4D\x41\x00\x00\xB1\x8F\x0B\xFC\x61\x05\x00\x00\x00\xDB\x50\x4C\x54\x45\xC7\xC8\xC7\xCC\xCD"
"\xD0\xD0\xD1\xD2\xC7\xCA\xCD\xC4\xC2\xBF\xF0\xF0\xF0\xF8\xF7\xF0\xF6\xF7\xF8\xF7\xDA\xDA\xF8\xE8\xE6"
"\xF4\xCD\xCC\xF0\xF4\xE8\xD0\xD0\xD1\xF8\xFC\xF8\xF5\x1A\x19\xF8\x42\x41\xF5\xA4\xA4\xC5\x44\x44\xDF"
"\x76\x74\xF6\xBF\xBF\xF8\x93\x91\xF1\xF0\xEF\xCF\xCF\xD0\xDE\x92\x93\xD9\x1D\x1E\xF8\xF8\xF8\xF5\x7E"
"\x7D\xF5\xB5\xB5\xF8\x66\x65\xF8\xF5\xE8\xE1\xE0\xD8\xD8\xDB\xDE\xE0\xE2\xE3\xD1\xCE\xBD\xE8\xE7\xE3"
"\x5E\x5E\x60\x39\x3A\x39\x55\x59\x50\x94\x93\x86\x48\x46\x44\xD7\xD7\xC5\xBF\xC0\xB9\xC9\xC7\xB4\x78"
"\x79\x74\xE8\xE7\xD4\xE0\xE1\xD0\xD8\xDB\xD0\xE0\xDC\xC8\xE0\xE0\xC8\xF0\xF1\xDE\xF8\xF4\xE0\xF8\xF8"
"\xE0\xF0\xEC\xDD\x60\x60\x57\x6E\x75\x75\xA5\xA6\x9E\xB8\xB6\xB1\x90\xB4\x98\x68\xAF\x85\x38\x9C\x60"
"\xB0\xB0\xAE\x19\x19\x17\xE9\xE9\xEA\xC3\xD3\xE5\x7D\xB4\xF0\x65\xA9\xF1\x98\xCE\xF8\xE0\xE2\xE0\x21"
"\x74\xD6\x3D\x94\xF7\x19\x7C\xF2\xB0\xB4\xB9\xA5\xA3\xA7\x31\x09\x06\x88\x00\x00\x00\x09\x70\x48\x59"
"\x73\x00\x00\x0E\xC4\x00\x00\x0E\xC4\x01\x95\x2B\x0E\x1B\x00\x00\x03\xA9\x49\x44\x41\x54\x48\x4B\x8D"
"\x96\x8B\x62\x9A\x48\x18\x85\x81\xAE\x72\xB1\xE8\xC4\x61\x83\x0B\x78\x21\xA9\x16\x70\x10\x46\x31\xBA"
"\x59\xBA\x15\xAA\x66\xDF\xFF\x89\xF6\x0C\xA0\x8D\x31\xA6\x3D\x27\x30\x30\x9E\xF9\xE6\x67\x00\x8D\x04"
"\xC9\xCA\x6F\xFA\xD3\x1F\x92\xA4\xB4\xDA\x6A\x5B\x83\xD4\x76\x5B\xD7\xB4\x56\x5B\x33\x60\x5D\x45\xEF"
"\x1B\x77\x3E\x23\xDE\x32\x4D\x53\xEF\x76\xBB\x3D\x43\x25\x77\xDD\x6E\x9F\xF6\x2D\x42\x2C\x82\xDE\x2B"
"\xFD\x79\x2F\xC9\x6D\xA4\xED\x41\xAF\xD7\x25\x14\x63\xBA\x03\x84\x09\xB1\x69\x93\xB8\xD0\x5F\xF7\x92"
"\xA2\x9A\x26\xBD\xEB\x6B\xCE\x80\xF4\xEF\x88\x4E\x5D\x42\xFA\xC4\xA5\xBA\x8A\x7E\x15\x15\x54\xC2\x61"
"\x1B\x3B\xB3\xA6\x7B\x83\x6E\x6F\xD0\xB3\x06\xF6\xD0\x34\x35\xC4\x6D\xC3\x73\x1C\x4B\xD7\x1C\xC7\xF1"
"\x3C\x1C\x3A\x2E\xB5\x1D\xAB\x5D\xD3\xD5\x11\x2A\xEF\xDE\x51\x6F\x40\x5D\xCF\xA1\x44\x37\x88\x6B\x53"
"\xC3\x70\x2C\xAB\x8F\xCD\xC2\xA1\x6B\x59\x0E\x71\x5B\x15\x5D\x54\xAE\x69\xBA\x98\xA3\x3B\xF0\x6C\x8A"
"\x4F\x2C\xD7\x71\x88\x88\x5A\x16\x41\xD2\x76\x2D\x4C\x61\xEB\x15\x5D\xB7\xFB\xAE\xB8\x10\xDA\xF7\x3C"
"\xAA\x11\x50\xD1\xBA\x18\x42\x1C\xCC\xE5\x58\x04\x61\x03\xA3\x48\x4D\x17\xD1\x93\x54\xC3\x71\x5D\x0A"
"\x12\x45\x8C\x1A\x43\x17\x35\x13\xE2\x78\x8E\xE5\x78\xB4\xDD\xAC\xCC\x2B\xA9\x14\xC2\x08\x9D\x1A\x56"
"\xBF\x6F\x00\xED\x6A\x1A\xD5\x44\xAF\x7E\x5A\x99\xF7\xA4\x1A\x04\x51\x7A\xF1\xE9\x35\xFD\x2C\xDD\xC6"
"\x55\x56\xD7\xF4\x4A\x67\x7A\x67\x3C\xAA\x3D\x69\x3C\xF2\x5D\x57\x69\xFA\xC6\x23\xF1\xA4\xBC\xA2\x3F"
"\x3C\x7E\xF9\x50\xD3\x49\x95\x6F\xE8\xEA\xEC\xAB\x1F\xF8\x95\xC2\x28\x8A\x42\xB8\xD9\x57\x7D\xB2\xFF"
"\x75\x2E\xA8\x67\xFA\x7C\x3E\x1C\xB1\xDA\x31\xBC\x48\x16\xA9\x68\xE3\xA6\x6F\x38\x7F\x7C\x10\xB1\x53"
"\xED\xF3\x39\xE3\xC3\x65\xE5\x15\xCF\xEA\x24\xC3\x71\xDD\x93\xB1\xF9\x5A\x54\xF3\x93\xFE\xC4\xF8\xAA"
"\x53\x99\x31\xC6\xD1\x2E\x39\xA8\x75\x4F\x87\xB3\x9B\x74\x96\xF1\x7A\x96\xEA\xB8\x6E\x6F\xD3\xD9\x89"
"\xF8\xFA\xEC\x26\x9D\xB3\x9F\x6C\xE1\xB8\xDA\xDF\xA4\x33\xD6\x70\x1B\xD7\xE7\x37\xE9\xF1\x69\x7D\x1A"
"\x73\x26\xF6\xB7\xE8\xFC\xA2\x72\x78\x39\x12\xAB\x74\x8B\xCE\x45\xAD\x19\x3F\x19\xD7\xC1\xB2\x0F\xE8"
"\x19\xEB\x30\xC9\x8F\xCE\x1E\xAD\x7E\x45\x8F\x36\xB3\xB3\x36\x3E\x56\x6A\x85\xFB\x7C\x4D\x0F\x02\x71"
"\xE7\x63\x1E\x6D\x5E\x29\xE2\x71\x8A\x67\x26\x08\xAE\xE8\x81\x9F\x24\x49\x10\x73\x3F\xC5\x53\x90\x61"
"\x4B\x59\x16\xFB\x3C\x0D\xD0\x1D\x05\xD7\x74\x29\x5D\xA4\x22\xBE\xC0\xB3\xD2\x28\xF5\x79\x1C\x2C\xD2"
"\x85\xFF\x1E\x3D\x4E\x60\xEE\x27\x80\x67\x49\x02\xF6\x89\x9E\xFE\x8A\x1E\x24\x41\x80\x39\x3E\xA0\xC7"
"\x8C\x73\x3C\xE9\xDC\x67\x3C\x0B\xB0\x4A\x59\xC2\x96\x0C\x2B\x83\xEE\x25\x7B\x67\xDD\x1F\x10\x7F\x88"
"\x91\x18\xC6\x6C\xB8\xEA\x0C\x59\x3C\xE4\x3E\xDE\x14\x41\x79\x67\xDD\xFD\x68\x1B\x6E\xF1\x76\xE2\x4E"
"\x62\xAD\xC5\x3D\x58\x71\x1F\x2F\xAB\x78\x87\xAF\xE8\x8F\x41\x38\x9B\xFD\xFD\x34\xDF\x46\x41\x8A\x5A"
"\x20\x1E\x2C\x12\xBC\xDF\x9B\xF9\x2C\x8C\x82\xA7\x37\xF4\x69\x14\x3D\x3F\x3F\xFF\x83\x38\x94\xA4\x71"
"\x1A\x23\x2B\x94\xCF\x66\xD8\x4F\x2F\xE9\xF9\xB7\xE9\x7A\x5A\x69\x2D\x84\x13\xB8\x96\x68\xA7\xDF\x66"
"\x17\x74\x33\x7F\x5C\x3F\xDE\xD6\x7A\x26\x8B\xEF\xB1\x33\xDD\x34\x5B\x93\x87\x8F\x5C\x7F\xEB\x81\xDE"
"\x69\xDD\x52\xFB\x8D\x87\xFF\xDE\x4B\xD2\x78\x72\x43\xDF\x77\xC5\x85\x76\xE5\x0F\xC4\x47\xE3\xC9\x78"
"\x31\xC1\x20\xB4\x62\xDE\xD1\x69\xFE\x62\x7F\x38\x1C\x0F\x45\x71\x38\x14\x87\xBD\x68\x8F\xE2\x57\x7B"
"\x9C\xBF\xE4\x1B\x69\x3B\x96\xF2\x70\x2B\x29\x72\x98\x4B\x2F\x8A\xA4\x84\xE1\xA4\xD8\xEF\xCA\xFD\x6E"
"\xB7\x2B\xCB\x52\x0C\x29\x8B\xFD\x67\x41\xCF\xF3\x4D\x1E\x86\x72\x18\x6E\x36\xDB\x2D\xC6\xE6\xA2\xC9"
"\xB7\x72\xB1\x2F\x4A\xD0\xCB\x12\x43\x30\x74\x77\xAC\xE9\xB2\x22\x6D\x15\xFC\x2B\xB1\x50\x64\x79\x8B"
"\x51\x61\x38\xC6\x2C\x8A\x22\xE8\x87\x63\xB1\x03\x19\xF1\xB2\x40\x5C\xD0\x4F\xB5\xBE\x75\x89\xDA\x51"
"\xFC\xE1\x58\x6F\xF8\x13\x74\x79\x7C\xFA\x7D\xB9\xF0\x64\x34\xFE\xFE\x56\x88\xCB\xB3\x4D\xFE\x7B\x7A"
"\xD9\xFC\x77\xFF\x3F\xAA\xE0\x0D\x7A\xB6\xAD\x71\x92\x00\x00\x00\x00\x49\x45\x4E\x44\xAE\x42\x60\x82"
}
};

static const binfile_t logo_recent = {"logo_recent.png", 1093, {
"\x89\x50\x4E\x47\x0D\x0A\x1A\x0A\x00\x00\x00\x0D\x49\x48\x44\x52\x00\x00\x00\x2E\x00\x00\x00\x32\x08"
"\x03\x00\x00\x00\x14\x73\x19\xE5\x00\x00\x00\x01\x73\x52\x47\x42\x00\xAE\xCE\x1C\xE9\x00\x00\x00\x04"
"\x67\x41\x4D\x41\x00\x00\xB1\x8F\x0B\xFC\x61\x05\x00\x00\x00\xC0\x50\x4C\x54\x45\xFF\x00\xFF\x09\x09"
"\x09\x13\x13\x13\x43\x43\x43\x4A\x4A\x4A\x49\x49\x49\x36\x36\x36\x4B\x4B\x4B\x2C\x2C\x2C\x61\x61\x61"
"\xCA\xCA\xCB\xEA\xE9\xEA\xDD\xDD\xDD\xBE\xBE\xBE\xB8\xB8\xB8\x8D\x8D\x8D\x50\x50\x50\x86\x86\x86\xEE"
"\xEE\xEE\xF1\xF1\xF1\xBB\xBB\xBB\x53\x53\x53\x47\x47\x47\xBD\xBD\xBD\xAD\xAD\xAD\x99\x99\x99\xC5\xC4"
"\xC6\xC1\xC1\xC1\xFA\xFA\xFA\x22\x22\x22\xAE\xAE\xAE\xFC\xFC\xFC\xD0\xD0\xD0\xAC\xAC\xAC\xE1\xE1\xE1"
"\xE4\xE4\xE4\xF7\xF7\xF7\xF3\xF3\xF3\xB1\xB1\xB1\x6A\x6A\x6A\x75\x75\x75\xA6\xA6\xA6\xF9\xF9\xF9\xFE"
"\xFE\xFE\xD7\xD7\xD7\x3D\x3D\x3D\x5C\x44\x6A\x71\x3F\x8E\x78\x3E\x9A\x87\x59\xA2\x7B\x44\x9C\x66\x42"
"\x7B\x52\x47\x58\xCD\xCD\xCD\xBE\xB7\xC2\xA1\x88\xB1\xCF\xBC\xDB\xBD\xA2\xCD\x76\x3D\x97\xD4\xD3\xD4"
"\x91\x6A\xA9\xCB\xC2\xD0\xB6\xA8\xBF\x9A\x7A\xAE\x88\x32\x51\x76\x00\x00\x00\x09\x70\x48\x59\x73\x00"
"\x00\x0E\xC4\x00\x00\x0E\xC4\x01\x95\x2B\x0E\x1B\x00\x00\x03\x0E\x49\x44\x41\x54\x48\x4B\xAD\x96\x0B"
"\x73\xA2\x30\x10\xC7\x5B\xCD\x4A\x0D\x6A\x6D\x40\xB4\x4A\xC1\x52\x7C\xD4\xA3\x1A\x11\x6C\x2F\x7A\xF5"
"\xFB\x7F\xAB\xDB\x3C\x7C\xA0\xB4\x76\x6E\xEE\x37\x99\x6C\x94\x3F\x3B\xBB\xEB\x26\xF1\xE6\x1F\xB9\xFD"
"\x0A\xF3\xFC\x94\x4A\x95\x00\xE0\x50\x93\xB2\xC7\x25\xA9\x9D\xBF\x51\xB3\xC8\x5E\xA6\xED\xC9\x12\x08"
"\xB1\x2A\x46\xA7\xB9\x03\xA8\x53\xBB\x8C\x46\xB3\xD5\xBA\x6F\x03\x14\xFC\x03\x3C\x30\x87\xE9\x71\x6E"
"\xA9\xEB\xBA\x1D\xF0\x8C\x52\x52\x03\xEB\x52\x76\xB0\xAE\xDB\xED\x01\x31\x52\x89\x07\x8F\x8C\xB1\xFE"
"\xA0\x3F\x18\x0C\xFA\x8E\xEF\xA0\x4C\xA1\xDF\xE8\xBB\x5D\xD7\x23\x4F\x46\x8B\x58\x64\xE0\xD8\xBD\x40"
"\xD3\x73\x42\xA7\xC0\xB0\xDB\xED\xB6\xC9\x9D\xD1\x22\x16\x34\x99\x1B\x3C\x3F\xE3\xC0\xA9\x19\x16\xBD"
"\x0F\xD1\xFB\x37\xF2\xEE\x55\x39\x06\xE3\x9A\x58\x02\xE9\xBD\xC0\x95\x60\xAE\x7B\xBF\x94\x1F\x0B\x59"
"\x2A\xC7\x60\x94\x3C\xB8\x90\x3B\xFF\x23\xD5\xC8\x24\x1A\x04\xF6\x4F\x52\x65\x76\x4B\xF3\xE2\xFB\xD7"
"\xBC\x4B\x79\x1C\x1A\xFC\xD1\x35\x39\x06\xF3\x35\xE5\xC1\x38\x51\xF4\x12\x21\x38\x29\xAB\x96\xF6\x97"
"\xC1\x8C\xF7\x95\x51\xA3\x67\x96\x91\x5F\x26\x1F\x38\x2F\x28\xC0\xA2\xE3\x30\x6F\x68\x3B\x0E\xCB\xEB"
"\x6E\x2B\xF9\xC1\xBB\x22\xE8\x05\x0F\x13\xAB\x3D\x7D\x6D\x5E\xA6\x4A\x7B\xE7\x3C\x4F\xE5\xB6\x96\x78"
"\xE4\x22\xF6\x59\x18\xFE\x92\x75\xC4\x49\x8F\xC4\x53\xC7\x80\xA5\x0F\x85\x37\xA3\x45\x74\x65\x46\xF1"
"\x2C\x46\x70\x52\xF6\x01\x35\xF3\x05\x5F\x2E\x53\xCE\x57\xF8\xCE\x71\x73\x97\xD5\x7D\x42\x48\xC6\x97"
"\xC3\x5C\xB2\x4E\xF9\x0A\x43\x32\x6A\xED\x3D\x19\x9B\x9E\x51\xA0\xEF\x79\xBA\xB6\xFD\xD0\xF7\xE3\x28"
"\xCF\xDF\xF9\x82\x40\xF5\x44\xEE\x14\x2A\x13\x00\x64\x7C\x18\x7E\xFC\x46\x39\x42\xE9\xBB\x58\x00\x98"
"\x74\x65\x30\xB6\x71\xAB\xA9\x13\x10\xFD\x30\x14\x7C\xC3\x64\xFA\x71\x9E\x6F\xF9\x9C\x80\x91\xA3\x77"
"\x7F\x5F\x6F\x69\x7B\x18\xCA\xD6\xF7\x43\x21\xD6\x03\x74\x1E\xFA\x2C\xA7\x42\x00\xD1\x47\x25\xCA\x1D"
"\x67\x96\x1C\x79\x05\xE0\x7F\x8C\x1C\xC3\xC1\x31\x44\xF7\x19\xD1\xD1\xAB\x54\x67\xF2\x6B\x6C\x5F\xF9"
"\xF8\x1E\x32\xC1\x8C\x5C\x79\xF7\x1B\xF4\x53\x60\x75\x8E\x72\xDD\xDC\xDA\x4E\x60\xCE\xE3\x82\xDC\xA6"
"\x7D\x8C\x46\x1F\xC4\xAA\xEE\x2C\x19\x1E\xE8\x90\x39\x97\x29\x0A\x9E\x4A\x3E\xC2\xD0\xC9\x29\xE7\x44"
"\x07\xAF\xBC\x9F\xA6\xDA\x39\x78\xE7\x02\x49\x13\x66\x53\x2A\xF8\xDE\x3B\xCA\x75\x03\x1B\x79\x1D\xE6"
"\x2A\x76\xFB\x5D\x81\x07\x73\x83\xAE\x65\xE5\xA5\x5A\x05\x13\xEF\x4F\x60\xC9\x94\x58\x3C\x91\xD1\x6C"
"\x50\x29\x49\x36\xF9\x0E\x1B\xC1\xD2\x72\xF4\x1E\x37\xC6\x81\x6A\x03\x9C\xC6\x8F\x1E\xF0\x9D\x4A\x11"
"\x87\x9C\x46\x39\x4D\x45\x46\x74\x5B\x02\xB4\x1C\xA6\x9F\xE9\x42\x86\x1E\xF6\x57\x72\xFC\xEC\xAB\xAE"
"\x01\x73\xA3\x55\x61\x22\x1B\x78\x14\x8F\x62\x1C\x72\x7A\x25\xB0\x48\xA3\x83\x7C\x83\x91\xF3\x6C\xDF"
"\xC3\x15\xF0\x1A\x85\xBA\x33\xD6\x06\x8B\x2F\x93\x58\x8A\x71\x73\xD3\x4F\x2E\xE6\x00\xFB\xEB\x12\x6F"
"\xCE\x86\xE9\x73\xC3\x06\xFB\x5B\xF0\xCF\xBC\x11\x25\x79\x4E\xB7\xB8\x43\x08\xA9\x19\xF5\xCD\x2D\x6E"
"\x96\xFA\xB4\x40\x07\x37\xD3\x8A\xA7\xCB\xDD\x6E\xBB\xC4\xE2\x67\x00\x27\xDB\x0F\xC3\x37\x57\xF4\xC1"
"\xCA\xA5\xB5\xC2\x1F\x89\x8B\x45\x86\x5F\x1D\x7C\x2B\x2A\x4F\x6F\xE7\x54\xD5\x29\x60\xE1\xFD\x7F\x71"
"\xCD\x97\x53\x53\x87\x01\x58\x6F\x27\xB7\xEA\xF7\x54\x2A\x95\xB2\x7F\x28\x3F\xE3\xE6\xE6\x2F\x79\x00"
"\xA3\x4D\x4F\x8D\x30\xE6\x00\x00\x00\x00\x49\x45\x4E\x44\xAE\x42\x60\x82"
}
};

static const binfile_t logo_sms = {"logo_sms.png", 1166, {
"\x89\x50\x4E\x47\x0D\x0A\x1A\x0A\x00\x00\x00\x0D\x49\x48\x44\x52\x00\x00\x00\x2E\x00\x00\x00\x32\x08"
"\x03\x00\x00\x00\x14\x73\x19\xE5\x00\x00\x00\x01\x73\x52\x47\x42\x00\xAE\xCE\x1C\xE9\x00\x00\x00\x04"
"\x67\x41\x4D\x41\x00\x00\xB1\x8F\x0B\xFC\x61\x05\x00\x00\x00\xDB\x50\x4C\x54\x45\xC8\xCB\xCD\xD1\xD0"
"\xD0\xC7\xCA\xCD\xC4\xC2\xBF\xE8\xE9\xEA\xF8\xF8\xF0\xF7\xF8\xF8\xF2\xF0\xEF\xD0\xD0\xD1\xF8\xFC\xF8"
"\xF1\xF0\xEF\xCF\xCF\xD0\xD0\xCD\xCF\xF8\xD8\xD7\xF8\xF8\xF8\xEE\x64\x63\xEB\x4F\x4D\xD2\x23\x23\xF7"
"\x76\x75\xF8\xB5\xB3\xF8\xC5\xC5\xDD\x9E\x9F\xF6\x81\x7F\xE0\xB4\xB4\xF6\xA1\xA0\xF7\x8B\x8A\xB8\x19"
"\x18\xF7\x97\x95\xD0\x57\x55\xD2\x77\x78\xB5\x36\x37\xE0\xE1\xE0\xE8\xE5\xE0\x5F\x5F\x60\x20\x22\x20"
"\x1F\x22\x28\x1A\x19\x19\xE0\xE3\xE8\x88\x88\x8B\x05\x06\x08\x83\x7C\x78\x80\x80\x80\x10\x11\x13\x28"
"\x28\x28\x25\x2A\x31\x65\x62\x63\x78\x7C\x80\x3A\x3A\x3B\x32\x30\x32\x40\x27\x26\x37\x1F\x23\x28\x21"
"\x20\x61\x1D\x1F\x73\x1F\x21\x99\x19\x18\x8B\x13\x14\xEC\x10\x10\x7C\x46\x48\xB2\xB2\xB2\xE9\xE9\xEA"
"\xB8\xD3\xEF\x74\xA7\xE6\x67\xA8\xF3\x8B\xC4\xF7\xE0\xE2\xE0\xCA\xD4\xDD\x69\xB2\xF8\x26\x77\xD7\x37"
"\x8F\xF5\x12\x79\xF6\xBB\xBA\xBB\x9D\x9E\xA0\xA5\xA3\xA7\x35\xE7\x0E\xFE\x00\x00\x00\x09\x70\x48\x59"
"\x73\x00\x00\x0E\xC4\x00\x00\x0E\xC4\x01\x95\x2B\x0E\x1B\x00\x00\x03\x3C\x49\x44\x41\x54\x48\x4B\x8D"
"\x95\x0F\x7B\xAA\x36\x1C\x85\xED\x56\xE1\xBA\x96\x81\x41\x53\x22\xFE\xA9\x42\x4B\x07\x78\x2B\x14\xAE"
"\xAB\x13\x99\x8A\xB8\xEF\xFF\x89\x76\x12\x91\xA2\x62\x1F\xCF\x31\x18\xC2\xE1\xF5\x47\x08\xD2\xE0\xBA"
"\xBB\xD1\xBF\xFD\x8E\xEC\x7D\x53\xBA\xCD\xF2\x0F\xC4\xEF\x5B\x37\xEB\x8F\x87\xC6\xA3\xAC\x28\x2D\x09"
"\xED\x54\xCD\x8B\x11\xE8\x4F\x1E\x57\x35\x59\x69\x93\x96\xD4\xC2\x47\xEF\x88\x6F\x49\xEE\x52\xF2\x24"
"\xA3\x23\x29\x5D\xBE\xC5\x28\xC6\x5B\x0F\x8D\x86\x44\xDA\x06\xEB\x51\x83\x1A\x3A\xA5\x2A\xE9\x98\x86"
"\xAE\xD2\x4E\xBF\xD3\xE9\x9B\xFA\x80\x50\xAA\x75\x0C\xA6\x33\x6A\xB2\xAE\x02\xFA\x9D\x44\x34\xC8\x34"
"\x4D\x4D\x65\x88\xAB\x54\x55\x55\xA6\x74\x35\x42\x88\x39\x54\x19\xD1\xA8\xCA\xD4\xBE\xA1\x52\xC6\x04"
"\x9D\x32\x0D\x7D\xAA\xF5\x75\x0D\x67\x68\xAA\x69\x0E\x14\xA9\xA9\xF7\x35\x55\x35\x89\xC6\x10\x36\x8D"
"\xBE\x8E\x61\x2A\xE8\x94\x29\x0A\x01\xB1\x8F\x51\x1C\x35\x95\xEE\x40\x51\x06\x0A\x0A\xE9\xEB\xFA\x00"
"\xE7\x50\xE5\x09\x71\x66\x52\xD0\x1F\x65\xCA\x5A\x4D\xC2\x0C\x95\x31\x42\x75\xA6\x9B\x94\x0E\x3A\xF2"
"\x13\x20\xDD\xAE\x42\x48\x87\x19\x06\x65\x03\x83\xE0\xB0\xA0\xE3\xBA\x71\xF1\xFC\xDA\x8F\x5B\x3E\x22"
"\x3F\xA9\x44\x16\x23\x5F\xE2\xF4\xE6\x61\x4E\xCF\x25\xF1\xFB\x71\x26\x41\x2F\xFA\xB7\xA8\xA4\xCB\xA3"
"\x6F\x25\x8B\x50\x49\x7F\x1E\x4F\xAC\x6F\x6C\x8F\x5F\x44\xFE\x48\x7F\x75\xEC\x89\x65\x5F\x11\x8E\x38"
"\x6F\x9C\x5A\xD2\xFF\x72\x5C\xCB\xAB\xF2\xAA\xF6\x27\xAE\x33\x15\x0B\xF7\x48\xFF\xE9\xB8\x3C\xFF\xE5"
"\xAF\x34\xFA\xAE\xEB\x88\x6A\xAA\x74\x9E\xF7\x8F\xB2\x4A\x71\x36\xE2\xD3\x67\x1E\xAB\xD2\x5D\xFB\xBD"
"\x4E\x33\x9B\xC7\x6B\xE8\x95\xF8\xCC\x2F\x7D\x88\xD7\xD1\x67\x45\x18\x71\x6F\x52\xD4\x5E\xC4\xBF\xA7"
"\xBF\x23\x79\xD0\x35\xBA\x7D\x42\x0F\xC2\x30\xFC\x40\x0B\x83\xAB\x74\xCC\x88\x27\xEC\xFB\x51\xFC\xAB"
"\x50\x14\x79\xF5\x74\xBB\x32\xEF\x1F\x01\xF8\x68\xB3\xC0\x0B\x7D\xE0\x6B\xE8\x07\xF2\xC1\x51\x14\xC7"
"\xF3\xF9\x3C\x9E\xC7\x41\xE8\xF9\xB5\x74\xBF\x42\x8F\x87\xED\xF6\xDF\x42\x71\x64\xA1\xFA\x4B\x7A\x59"
"\x39\xF7\xBC\x37\xFC\x6C\xB7\x7B\xC3\x76\x2F\x8E\xB0\x7F\x49\xAF\x56\x6E\x79\xF3\xDE\xE7\xE7\x50\x08"
"\x74\xCF\xB7\x2F\xE8\x5F\x64\x6E\xD0\xA1\x36\x24\xE8\xFE\x05\xBD\x5A\x39\xE8\xBF\x7A\x85\x38\xDD\xF2"
"\xCE\xE9\x28\xBD\xB2\x4E\x30\x33\x51\x2C\x5A\x1C\x04\x7C\xDF\x3D\xA5\xBF\xD9\xF1\x89\x78\x10\x73\x59"
"\xCA\x9E\x9E\xD0\xDF\x9C\x30\x8C\x82\xD0\xFE\xB0\x6D\xDC\x7A\xBE\x02\xD0\xF8\x17\x36\xDC\xEE\xF8\x7C"
"\x66\x82\x28\xB2\x70\xBB\xC5\x53\x82\x6A\x7D\x0F\xB3\xCD\x35\x99\xD5\xD4\xEE\x58\xD6\xAC\x78\x86\x3C"
"\x7F\x26\x1A\x9E\x50\x2E\x9B\xCF\xCC\x59\xED\x3F\x5D\xEF\xE3\x9D\xA7\x60\xDC\x14\xDB\xE2\xCD\xF6\xB0"
"\x37\x99\xF0\x31\xF7\x94\xBE\xB0\xF9\x0A\x2E\xE4\x60\x01\x1D\x1A\xB6\xBC\xE3\x3A\xEE\xEB\x09\xBD\xB5"
"\x98\x8E\xA1\xE9\x15\x8F\x5F\x1F\xF9\xFF\x58\x49\xC7\xBF\xDE\xCB\xFD\x37\x7E\x3E\xBC\x1F\xF1\xF6\x90"
"\xAF\xAA\x79\x66\xF9\x1F\xC4\x47\xA3\x97\x7A\x2F\x93\x55\x21\xDE\x49\x56\x49\xFA\xAF\x88\x3F\x0B\x8F"
"\xD6\xC7\x5E\xE1\xCD\x36\x5B\xED\xB2\xD5\x2A\xCB\x56\xD9\x6E\xB7\x42\x9F\xBF\xB5\x8F\xF4\x45\xBE\xCE"
"\xD7\x8D\xFC\x2E\x6F\x14\xF4\xCD\x36\x59\x6E\xD3\xCD\x66\x99\xA6\x49\xB6\x49\x71\xCA\x8F\x0A\x3D\xCF"
"\x17\xFB\x7C\xC1\x55\xD2\x93\x74\x97\x25\x08\x6F\x36\x09\xCE\xD9\x6C\xAB\xF4\xBC\xB1\xCE\x47\x8D\xFD"
"\x63\x85\x9E\x2E\xB3\x5D\x92\xA2\x18\xFC\x86\x88\x57\xE8\xC2\xD8\x2D\xFB\xE9\x36\x13\xDA\x15\x6D\x2B"
"\x6A\x47\xBE\x5E\x2F\xEB\xF5\xF2\xC4\x6B\x1E\xDF\xEF\x45\xC1\x37\x68\xFF\xDF\xC3\xFF\x62\x36\x04\x33"
"\x49\x4C\x11\xC8\x00\x00\x00\x00\x49\x45\x4E\x44\xAE\x42\x60\x82"
}
};

static const binfile_t logo_snes = {"logo_snes.png", 1269, {
"\x89\x50\x4E\x47\x0D\x0A\x1A\x0A\x00\x00\x00\x0D\x49\x48\x44\x52\x00\x00\x00\x2E\x00\x00\x00\x32\x08"
"\x03\x00\x00\x00\x14\x73\x19\xE5\x00\x00\x00\x04\x67\x41\x4D\x41\x00\x00\xB1\x8F\x0B\xFC\x61\x05\x00"
"\x00\x00\x01\x73\x52\x47\x42\x00\xAE\xCE\x1C\xE9\x00\x00\x00\xF3\x50\x4C\x54\x45\xC8\xC8\xC8\xD2\xCC"
"\xC9\x98\x98\x98\x83\x83\x83\xFC\xFC\xFC\x92\x94\x94\xE2\xE1\xE1\xC7\xC7\xC7\xFF\xFF\xFF\xCA\xCA\xCA"
"\x58\x59\x59\xCF\xD0\xD0\x50\x4F\x4E\xAD\xAA\xA8\xC2\xBE\xBB\xF5\xF5\xF5\xA4\xA0\x9F\xC9\xC9\xC9\xB5"
"\xB1\xAE\x27\x28\x28\x9D\x9B\x9A\xC9\xC4\xC2\x93\x91\x90\x8A\x88\x87\xEA\xE9\xE9\xF9\xF8\xF8\xD5\xCF"
"\xCD\x68\x68\x68\xFF\x77\x7F\xE5\xE5\xE4\xFF\xFB\xF4\xDA\xD3\xD0\xBD\xB9\xB7\x70\x71\x71\xFF\x63\x6B"
"\x4B\x49\x48\x7E\x7D\x7C\xD0\xD9\xE3\xFF\x6E\x76\xD5\xD6\xD6\x90\x8F\x8C\x09\x76\xFC\x65\xA3\xEE\xF0"
"\xF3\xF4\x76\x76\x76\x3F\x3B\x39\x2D\x8B\xFD\x61\x61\x61\x39\x37\x36\xFF\xE9\xEA\xFF\x4F\x58\xFF\x99"
"\x9E\xFF\x36\x40\x50\x9E\xFD\xFF\xBC\xC0\xFF\x8E\x94\xFF\xD5\xD7\xA7\xA5\xA4\xDB\xDA\xDA\xFF\xA7\xAC"
"\x71\xB2\xFF\xFE\x0C\x13\xFF\x87\x8A\x12\x11\x11\x00\x62\xFD\x9C\xC6\xF9\xD5\xC6\xC6\xFA\xEF\xDA\xC1"
"\xDA\xFF\xB2\x88\x76\xDC\xE5\xFF\xD6\xB8\xB9\xFE\xFD\xA7\x8B\xE8\x85\x1A\x1D\xFF\x86\x84\xFB\x49\xDC"
"\x3F\xF8\xFF\x0E\x60\xA8\x92\xEA\x81\xA8\xFF\xD7\xBA\x58\x76\x5A\x4E\x00\x00\x00\x51\x74\x52\x4E\x53"
"\xA8\xFF\xFF\xFF\xFF\xFF\xFF\xBC\xFF\xFF\xFF\xFF\xFF\xFF\xFF\xFF\xFF\xFF\xFF\xFF\xFF\xFF\xFF\xFF\xFF"
"\xFF\xFF\xFF\xFF\xFF\xFF\xFF\xFF\xFF\xFF\xFF\xFF\xFF\xFF\xFF\xFF\xFF\xFF\xFF\xFF\xFF\xFF\xFF\xFF\xFF"
"\xFF\xFF\xFF\xFF\xFF\xFF\xFF\xFF\xFF\xFF\xFF\xFF\xFF\xFF\xFF\xFF\xFF\xFF\xFF\xFF\xFF\xFF\xFF\xFF\xFF"
"\xFF\xFF\xFF\xFF\xFF\xA8\x53\x43\xF3\x6C\x00\x00\x03\x43\x49\x44\x41\x54\x48\xC7\x7D\x96\x89\x76\xA2"
"\x30\x14\x40\x45\x1B\x07\xC1\x50\xC4\x05\x8A\x51\x28\x5A\x84\xD1\x52\x59\x44\xDC\x47\xAB\x76\x9D\x99"
"\xFF\xFF\x9B\x79\xA1\xF6\x8C\xA0\x70\x21\xBC\xF0\xB8\x27\xE7\x25\x18\x8E\x85\x1F\x7C\x02\x55\x4D\xDE"
"\xF3\x83\xF3\x9B\x1F\x05\x7E\xC8\x9E\x73\x73\x13\x07\xB7\x0B\xB8\xF4\x74\xCF\x1E\x0E\xF9\x42\xE5\xE6"
"\xDC\xDE\xBF\xBF\x1F\x21\x2C\x02\xB2\x36\x89\x67\x9A\xBE\x1F\xF8\x67\x63\x55\x52\xFA\xF1\xE3\xFD\x63"
"\x1D\xB2\x84\xF8\xA6\x41\xE9\x9A\x5E\xB6\x3E\x7C\xFB\x7C\xFB\xF8\xBB\x5A\xB9\x11\x89\x0C\xC3\x0C\xD6"
"\x41\x18\x78\x6E\xA6\xAE\x7C\x7E\xBE\xBD\xBE\xAE\x57\xD1\xC2\x9C\xC2\xE8\x51\x48\x22\xCF\x74\x73\x8A"
"\x61\x9F\x7F\xFF\x7E\x75\xA3\x80\x4C\x03\xDF\x64\x17\xC4\x37\x48\x37\x47\x77\xBB\xCF\xCF\x2E\xEB\x2E"
"\xC2\x68\xE1\x46\x2E\x5C\xC2\x88\xCD\xD1\x09\x59\x13\x63\x6D\x10\xC3\x08\x0D\xA8\xC7\xF3\x03\x33\x4F"
"\xF7\x56\xB0\x7E\x2B\x63\x3A\x35\xD9\x20\x30\x09\x31\x08\xC9\xD1\xBB\xC1\x0A\x46\x5E\x99\x6B\xDF\x0B"
"\x83\x95\x09\x3E\xF1\x73\xF4\xC8\xF3\x0C\xD3\x0C\xA6\x64\xBD\x08\x4D\x0F\x16\x87\x18\x61\x8E\x1E\xFA"
"\x0B\x18\xCF\x0F\xA7\x40\x38\x25\xDE\xC2\x33\xD8\xAB\xFA\xDD\x80\xA2\x32\xCC\x6E\xC7\x30\x10\x5E\x76"
"\x2A\xB3\x7B\x79\x78\x61\xE2\xFC\xE0\x2E\xA9\x2B\xE3\x4D\x3D\x87\xCD\x58\x49\xE8\xA3\x8D\xA4\xA9\x82"
"\xA4\x0B\x17\xE8\x92\xA0\x6A\xD2\xA6\x9D\xD0\xEF\xAB\xAA\x26\x5A\xAD\x2B\x20\x64\x89\x9A\xC6\xF5\x6E"
"\x13\x7A\x8F\x69\xCA\xC5\x2B\x58\x7F\x0E\x07\xB9\xC9\x54\xAB\x17\x7A\x09\x21\x74\xA1\xA3\xC3\xC1\x2A"
"\x65\xE9\xA5\xF6\x05\x34\x9B\xA1\x17\xDB\x5C\x95\x7B\xA2\xF4\x7A\x71\x80\xDB\x76\x31\x53\x47\xF2\x53"
"\x95\x8B\xA9\x9E\x22\xF7\x24\x67\x8F\x0E\xA5\x97\xFA\x49\xA0\xFA\x6C\x1D\xA1\x46\x0A\x9A\xCB\xD1\x5B"
"\x28\x41\x2B\x4F\x2F\x62\x8C\x8B\xC8\x2A\x9D\xB0\x68\x62\x96\x3D\x55\xDC\xE6\xDA\x18\x95\x50\x83\xAE"
"\x78\x03\x3A\xB8\xDF\xEE\xE3\x6C\x9D\xEB\x71\x54\xA7\x53\xA0\x45\x20\x7C\xCF\xDD\xE7\xE8\xA3\xFB\x11"
"\x46\x7D\xA8\x4A\x84\x1A\xE4\xFE\x29\x91\xA5\x8B\x14\x24\x8F\x4E\xC8\xA7\xC4\x55\x9D\x91\x4B\x72\x0B"
"\xB5\x64\x59\xFE\x9E\x2A\xF4\xAC\x96\x05\x69\xE6\x8A\xAE\x09\x22\xBC\xA6\x46\x51\x4C\x30\x6B\x20\x51"
"\xD0\xAE\xE8\xAA\xAA\x35\x75\x2C\xE1\xE6\x5C\x3B\xE3\x65\x27\x68\xAA\x7A\xA1\x57\xA9\xAE\x0B\x92\x24"
"\xE9\xBA\x0E\xFD\x13\xBB\x43\x53\xBF\xA6\xF7\x54\xD8\x68\x54\xA5\x9C\xED\xBD\x1A\x6C\x3E\x41\x50\x53"
"\xFA\xA8\x2E\xC5\x60\x0C\x0D\xAE\x80\x84\xBF\x3A\x71\xBE\xCE\xA5\x74\x0B\x7E\x4F\x2D\x99\xAE\x04\x00"
"\xBB\x36\x8E\x32\x84\x16\x3C\xB0\x52\x7A\xBB\xDE\x82\x65\x68\xCC\x1A\x98\x2E\x5C\x49\x94\x24\x11\x82"
"\x6C\x61\x48\xD1\xA5\xAF\x27\x8B\xD1\x37\xF5\xC7\xC7\xC7\xF1\x18\x1A\x3D\xC6\x71\x9F\x1E\x71\xFF\xB1"
"\xBE\xB1\x94\xC4\x57\x4C\x7F\xE2\xF2\xB0\x06\xC3\xD4\x37\xF2\xF6\x2E\x87\xE1\xF0\xF4\x59\xAA\x29\xC3"
"\x2F\x6E\xD3\xDC\x75\xD3\x28\xB5\x42\xAD\x9C\xC5\xC3\xCF\x14\xDB\x32\xD5\x3B\xF4\xD9\xBC\xA3\x74\xCA"
"\x1D\x05\xE8\x28\xE5\x32\xED\x3F\xFF\xFC\x65\x2F\x6D\x7B\x39\x71\x68\xFB\x05\xA7\xFD\xC0\x50\xBD\x33"
"\x98\x49\x4D\x41\x9A\x37\x9A\x15\xA1\x26\x95\x2B\x22\xAF\xCF\x3B\x65\xD0\x27\xAC\xBD\xDC\x4F\x8E\xDB"
"\xFD\x64\x68\xEF\xB7\x67\xFA\x0C\x8B\x92\x8E\x75\x44\xDF\xA4\x34\xC3\x58\x57\xA8\x6E\x1F\x6D\x7B\xB2"
"\x1C\x3A\xD0\xEC\xE5\x7F\x7D\xCE\x0F\x9A\xB5\x01\x5F\xA9\x34\xE9\x3F\x8C\x8A\x34\x38\x8D\xBE\x3C\x2E"
"\xED\xC9\x76\x42\x9B\xB3\xDF\x3B\x27\xFD\xBB\x66\xE5\x3B\x7C\xCD\x63\x6B\x3B\x8E\x03\xCD\xB6\xE3\xE0"
"\x38\x93\x72\xA5\xC0\xCF\xB3\x56\xA6\xF3\x90\xA2\x3C\xE7\x0B\x05\xBE\x96\x05\x93\x86\x2F\xFC\x03\x46"
"\xD9\xB6\xA3\x8A\xAF\x6C\x86\x00\x00\x00\x00\x49\x45\x4E\x44\xAE\x42\x60\x82"
}
};


const binfile_t *builtin_images[] = {&background_col,
&background_collections,
&background_doom,
&background_favorite,
&background_gb,
&background_gba,
&background_gbc,
&background_gg,
&background_gw,
&background_lnx,
&background_md,
&background_msx,
&background_nes,
&background_pce,
&background_recent,
&background_sms,
&background_snes,
&banner_col,
&banner_doom,
&banner_favorite,
&banner_gb,
&banner_gbc,
&banner_gg,
&banner_gw,
&banner_lnx,
&banner_md,
&banner_nes,
&banner_pce,
&banner_recent,
&banner_sms,
&banner_snes,
&logo_col,
&logo_doom,
&logo_favorite,
&logo_gb,
&logo_gbc,
&logo_gg,
&logo_gw,
&logo_lnx,
&logo_md,
&logo_msx,
&logo_nes,
&logo_pce,
&logo_recent,
&logo_sms,
&logo_snes,

0
};
